movie,title,genres
32,Toy Story (1995),Animation|Children's|Comedy
354,Jumanji (1995),Adventure|Children's|Fantasy
1949,Grumpier Old Men (1995),Comedy|Romance
2203,Waiting to Exhale (1995),Comedy|Drama
889,Father of the Bride Part II (1995),Comedy
257,Heat (1995),Action|Crime|Thriller
356,Sabrina (1995),Comedy|Romance
1613,Tom and Huck (1995),Adventure|Children's
1569,Sudden Death (1995),Action
715,GoldenEye (1995),Action|Adventure|Thriller
1053,"American President, The (1995)",Comedy|Drama|Romance
2806,Dracula: Dead and Loving It (1995),Comedy|Horror
1284,Balto (1995),Animation|Children's
296,Nixon (1995),Drama
1767,Cutthroat Island (1995),Action|Adventure|Romance
298,Casino (1995),Drama|Thriller
243,Sense and Sensibility (1995),Drama|Romance
1398,Four Rooms (1995),Thriller
1644,Ace Ventura: When Nature Calls (1995),Comedy
2306,Money Train (1995),Action
839,Get Shorty (1995),Action|Comedy|Drama
1406,Copycat (1995),Crime|Drama|Thriller
2893,Assassins (1995),Thriller
305,Powder (1995),Drama|Sci-Fi
306,Leaving Las Vegas (1995),Drama|Romance
721,Othello (1995),Drama
2340,Now and Then (1995),Drama
1096,Persuasion (1995),Romance
211,"City of Lost Children, The (1995)",Adventure|Sci-Fi
654,Shanghai Triad (Yao a yao yao dao waipo qiao) (1995),Drama
2191,Dangerous Minds (1995),Drama
216,Twelve Monkeys (1995),Drama|Sci-Fi
3341,Wings of Courage (1995),Adventure|Romance
219,Babe (1995),Children's|Comedy|Drama
1412,Carrington (1995),Drama|Romance
312,Dead Man Walking (1995),Drama
2767,Across the Sea of Time (1995),Documentary
3151,It Takes Two (1995),Comedy
841,Clueless (1995),Comedy|Romance
1587,"Cry, the Beloved Country (1995)",Drama
160,Richard III (1995),Drama|War
2179,Dead Presidents (1995),Action|Crime|Drama
1589,Restoration (1995),Drama
730,Mortal Kombat (1995),Action|Adventure
843,To Die For (1995),Comedy|Drama
1233,How to Make an American Quilt (1995),Drama|Romance
315,Seven (Se7en) (1995),Crime|Thriller
18,Pocahontas (1995),Animation|Children's|Musical|Romance
2596,When Night Is Falling (1995),Drama|Romance
167,"Usual Suspects, The (1995)",Crime|Thriller
844,Mighty Aphrodite (1995),Comedy
3097,Lamerica (1994),Drama
1697,"Big Green, The (1995)",Children's|Comedy
2980,Georgia (1995),Drama
3352,Kids of the Round Table (1995),Adventure|Children's|Fantasy
2243,Home for the Holidays (1995),Drama
272,"Postino, Il (The Postman) (1994)",Drama|Romance
3064,"Confessional, The (Le Confessionnal) (1995)",Drama|Mystery
1503,"Indian in the Cupboard, The (1995)",Adventure|Children's|Fantasy
2939,Eye for an Eye (1996),Drama|Thriller
472,Mr. Holland's Opus (1995),Drama
1709,Don't Be a Menace to South Central While Drinking Your Juice in the Hood (1996),Comedy
3134,Two if by Sea (1996),Comedy|Romance
2707,Bio-Dome (1996),Comedy
2808,Lawnmower Man 2: Beyond Cyberspace (1996),Sci-Fi|Thriller
2317,Two Bits (1995),Drama
2056,French Twist (Gazon maudit) (1995),Comedy|Romance
1910,Friday (1995),Comedy
784,From Dusk Till Dawn (1996),Action|Comedy|Crime|Horror|Thriller
1760,Fair Game (1995),Action
2246,Kicking and Screaming (1995),Comedy|Drama
287,"Misérables, Les (1995)",Drama|Musical
919,Bed of Roses (1996),Drama|Romance
3524,Big Bully (1996),Comedy|Drama
673,Screamers (1995),Sci-Fi|Thriller
2430,Nico Icon (1995),Documentary
2782,"Crossing Guard, The (1995)",Drama
3048,"Juror, The (1996)",Drama|Thriller
2319,"White Balloon, The (Badkonake Sefid ) (1995)",Drama
816,Things to Do in Denver when You're Dead (1995),Crime|Drama|Romance
1555,Antonia's Line (Antonia) (1995),Drama
2100,Once Upon a Time... When We Were Colored (1995),Drama
1672,Last Summer in the Hamptons (1995),Comedy|Drama
2101,Angels and Insects (1995),Drama|Romance
1181,White Squall (1996),Adventure|Drama
1652,Dunston Checks In (1996),Children's|Comedy
564,Black Sheep (1996),Comedy
1288,Nick of Time (1995),Action|Thriller
3368,"Journey of August King, The (1995)",Drama
2322,Mary Reilly (1996),Drama|Thriller
2323,Vampire in Brooklyn (1995),Comedy|Romance
1441,Beautiful Girls (1996),Drama
821,Broken Arrow (1996),Action|Thriller
2648,In the Bleak Midwinter (1995),Comedy
1908,"Hate (Haine, La) (1995)",Drama
2167,Heidi Fleiss: Hollywood Madam (1995),Documentary
1356,City Hall (1996),Drama|Thriller
1846,Bottle Rocket (1996),Comedy
3078,Mr. Wrong (1996),Comedy
2920,Unforgettable (1996),Thriller
114,Happy Gilmore (1996),Comedy
289,"Bridges of Madison County, The (1995)",Drama|Romance
2664,Nobody Loves Me (Keiner liebt mich) (1994),Comedy|Drama
1218,Muppet Treasure Island (1996),Adventure|Children's|Comedy|Musical
3057,Catwalk (1995),Documentary
66,Braveheart (1995),Action|Drama|War
293,Taxi Driver (1976),Drama|Thriller
1599,Rumble in the Bronx (1995),Action|Adventure|Crime
3231,Before and After (1996),Drama|Mystery
3382,Margaret's Museum (1995),Drama
2440,Anne Frank Remembered (1995),Documentary
1897,"Young Poisoner's Handbook, The (1995)",Crime
925,If Lucy Fell (1996),Comedy|Romance
2386,"Steal Big, Steal Little (1995)",Comedy
2751,"Boys of St. Vincent, The (1993)",Drama
2532,Boomerang (1992),Comedy|Romance
1109,Chungking Express (1994),Drama|Mystery|Romance
2609,"Star Maker, The (Uomo delle stelle, L') (1995)",Drama
2050,Flirting With Disaster (1996),Comedy
2472,"NeverEnding Story III, The (1994)",Adventure|Children's|Fantasy
2428,Jupiter's Wife (1994),Documentary
1917,Pie in the Sky (1995),Comedy|Romance
3391,Angela (1995),Drama
3437,Frankie Starlight (1995),Drama|Romance
2694,Jade (1995),Thriller
3493,Sonic Outlaws (1995),Documentary
2400,Down Periscope (1996),Comedy
2884,From the Journals of Jean Seberg (1995),Documentary
2911,Man of the Year (1995),Documentary
3475,"Neon Bible, The (1995)",Drama
3357,Target (1995),Action|Drama
1223,Up Close and Personal (1996),Drama|Romance
584,"Birdcage, The (1996)",Comedy
1115,"Brothers McMullen, The (1995)",Comedy
1698,Bad Boys (1995),Action
3107,"Amazing Panda Adventure, The (1995)",Adventure|Children's
2637,"Basketball Diaries, The (1995)",Drama
1372,"Awfully Big Adventure, An (1995)",Drama
2361,Amateur (1994),Crime|Drama|Thriller
31,Apollo 13 (1995),Drama
270,Rob Roy (1995),Drama|Romance|War
2695,"Addiction, The (1995)",Horror
855,Batman Forever (1995),Action|Adventure|Comedy|Crime
1076,Belle de jour (1967),Drama
2832,Beyond Rangoon (1995),Drama|War
2647,Blue in the Face (1995),Comedy
1799,Canadian Bacon (1994),Comedy|War
696,Casper (1995),Adventure|Children's
1283,Clockers (1995),Drama
2363,Congo (1995),Action|Adventure|Mystery|Sci-Fi
594,Crimson Tide (1995),Drama|Thriller|War
173,Crumb (1994),Documentary
95,Desperado (1995),Action|Romance|Thriller
635,Devil in a Blue Dress (1995),Crime|Film-Noir|Mystery|Thriller
758,Die Hard: With a Vengeance (1995),Action|Thriller
3009,"Doom Generation, The (1995)",Comedy|Drama
2898,Feast of July (1995),Drama
892,First Knight (1995),Action|Adventure|Drama|Romance
3308,Free Willy 2: The Adventure Home (1995),Adventure|Children's|Drama
2190,Hackers (1995),Action|Crime|Thriller
2039,Jeffrey (1995),Comedy
1128,Johnny Mnemonic (1995),Action|Sci-Fi|Thriller
1383,Judge Dredd (1995),Action|Adventure|Sci-Fi
2706,Jury Duty (1995),Comedy
860,Kids (1995),Drama
182,Living in Oblivion (1995),Comedy
1384,Lord of Illusions (1995),Horror
2912,Love & Human Remains (1993),Comedy
3232,Mad Love (1995),Drama|Romance
796,Mallrats (1995),Comedy
1642,Mighty Morphin Power Rangers: The Movie (1995),Action|Children's
2233,Moonlight and Valentino (1995),Drama|Romance
2157,Mute Witness (1994),Thriller
1392,Nadja (1994),Drama
1540,"Net, The (1995)",Sci-Fi|Thriller
2353,Nine Months (1995),Comedy
2234,Party Girl (1995),Comedy
1394,"Prophecy, The (1995)",Horror
3071,Reckless (1995),Comedy
1396,Safe (1995),Thriller
2624,"Scarlet Letter, The (1995)",Drama
3332,"Show, The (1995)",Documentary
1397,Showgirls (1995),Drama
1903,Smoke (1995),Drama
2463,Something to Talk About (1995),Comedy|Drama|Romance
836,Species (1995),Horror|Sci-Fi
3235,"Stars Fell on Henrietta, The (1995)",Drama
646,Strange Days (1995),Action|Crime|Sci-Fi
248,"Umbrellas of Cherbourg, The (Parapluies de Cherbourg, Les) (1964)",Drama|Musical
3481,"Tie That Binds, The (1995)",Thriller
2636,Three Wishes (1995),Drama
2894,Total Eclipse (1995),Drama|Romance
532,"To Wong Foo, Thanks for Everything! Julie Newmar (1995)",Comedy
2645,Under Siege 2: Dark Territory (1995),Action
2228,Unstrung Heroes (1995),Comedy|Drama
1956,Unzipped (1995),Documentary
930,"Walk in the Clouds, A (1995)",Drama|Romance
534,Waterworld (1995),Action|Adventure
2076,White Man's Burden (1995),Drama
2798,Wild Bill (1995),Western
2895,"Browning Version, The (1994)",Drama
3256,Bushwhacked (1995),Comedy
1953,Burnt By the Sun (Utomlyonnye solntsem) (1994),Drama
2094,Before the Rain (Pred dozhdot) (1994),Drama
2052,Before Sunrise (1995),Drama|Romance
544,Billy Madison (1995),Comedy
2792,"Babysitter, The (1995)",Drama|Thriller
1920,Boys on the Side (1995),Comedy|Drama
3171,"Cure, The (1995)",Drama
3016,Castle Freak (1995),Horror
1050,Circle of Friends (1995),Drama|Romance
318,Clerks (1994),Comedy
1174,Don Juan DeMarco (1995),Comedy|Drama|Romance
1850,Disclosure (1994),Drama|Thriller
1991,Drop Zone (1994),Action
2623,Destiny Turns on the Radio (1995),Comedy
1119,Death and the Maiden (1994),Drama|Thriller
275,Dolores Claiborne (1994),Drama|Thriller
1274,Dumb & Dumber (1994),Comedy
700,Eat Drink Man Woman (1994),Comedy|Drama
1125,Exotica (1994),Drama
2703,Exit to Eden (1994),Comedy
634,Ed Wood (1994),Comedy|Drama
1170,French Kiss (1995),Comedy|Romance
2261,Forget Paris (1995),Comedy|Romance
3175,Far From Home: The Adventures of Yellow Dog (1995),Adventure|Children's
1639,"Goofy Movie, A (1995)",Animation|Children's|Comedy|Romance
2366,Hideaway (1995),Thriller
2299,Fluke (1995),Children's|Drama
1937,Farinelli: il castrato (1994),Drama|Musical
3084,"Glass Shield, The (1994)",Crime|Drama
548,Hoop Dreams (1994),Documentary
639,Heavenly Creatures (1994),Drama|Fantasy|Romance|Thriller
382,Houseguest (1994),Comedy
705,Immortal Beloved (1994),Drama|Romance
2530,Heavyweights (1994),Children's|Comedy
1820,"Hunted, The (1995)",Action
895,I.Q. (1994),Comedy|Romance
290,Interview with the Vampire (1994),Drama|Horror
1539,Jefferson in Paris (1995),Drama
2128,"Jerky Boys, The (1994)",Comedy
1130,Junior (1994),Comedy|Sci-Fi
1706,Just Cause (1995),Mystery|Thriller
1643,"Kid in King Arthur's Court, A (1995)",Adventure|Children's|Comedy|Fantasy|Romance
1393,Kiss of Death (1995),Crime|Drama|Thriller
36,Star Wars: Episode IV - A New Hope (1977),Action|Adventure|Fantasy|Sci-Fi
716,Little Women (1994),Drama
717,"Little Princess, A (1995)",Children's|Drama
2411,Ladybird Ladybird (1994),Drama
3085,"Enfer, L' (1994)",Drama
76,Like Water for Chocolate (Como agua para chocolate) (1992),Drama|Romance
242,Legends of the Fall (1994),Drama|Romance|War|Western
2305,Major Payne (1994),Comedy
1399,Little Odessa (1994),Drama
299,My Crazy Life (Mi vida loca) (1993),Drama
2976,Love Affair (1994),Drama|Romance
2237,Losing Isaiah (1995),Drama
1408,"Madness of King George, The (1994)",Drama
1821,Mary Shelley's Frankenstein (1994),Drama|Horror
2062,Man of the House (1995),Comedy
430,Mixed Nuts (1994),Comedy
2339,Milk Money (1994),Comedy|Romance
1580,Miracle on 34th Street (1994),Drama
3013,Miami Rhapsody (1995),Comedy
1544,My Family (1995),Drama
1410,Murder in the First (1995),Drama|Thriller
1411,Nobody's Fool (1994),Drama
439,Nell (1994),Drama
3088,New Jersey Drive (1995),Crime|Drama
3266,Nina Takes a Lover (1994),Comedy|Romance
265,Natural Born Killers (1994),Action|Thriller
1229,Only You (1994),Comedy|Romance
1418,Once Were Warriors (1994),Crime|Drama
2595,Poison Ivy II (1995),Thriller
449,Outbreak (1995),Action|Drama|Thriller
659,"Professional, The (a.k.a. Leon: The Professional) (1994)",Crime|Drama|Romance|Thriller
2638,"Perez Family, The (1995)",Comedy|Romance
2341,"Pyromaniac's Love Story, A (1995)",Comedy|Romance
163,Pulp Fiction (1994),Crime|Drama
3228,Panther (1995),Drama
1670,Pushing Hands (1992),Comedy
2040,Priest (1994),Drama
320,Quiz Show (1994),Drama
2231,Picture Bride (1995),Drama|Romance
699,Queen Margot (La Reine Margot) (1994),Drama|Romance
857,"Quick and the Dead, The (1995)",Action|Adventure|Western
2878,Roommates (1995),Comedy|Drama
2765,Ready to Wear (Pret-A-Porter) (1994),Comedy
1902,Three Colors: Red (1994),Drama
1380,Three Colors: Blue (1993),Drama
2095,Three Colors: White (1994),Drama
2593,"Red Firecracker, Green Firecracker (1994)",Drama
2966,Rent-a-Kid (1995),Comedy
1909,Stuart Saves His Family (1995),Comedy
704,"Swan Princess, The (1994)",Animation|Children's
2038,"Secret of Roan Inish, The (1994)",Drama
2331,"Specialist, The (1994)",Action
380,Stargate (1994),Action|Adventure|Sci-Fi
381,"Santa Clause, The (1994)",Children's|Comedy|Fantasy
109,"Shawshank Redemption, The (1994)",Drama
638,Shallow Grave (1994),Thriller
2020,Suture (1993),Film-Noir|Thriller
1586,Strawberry and Chocolate (Fresa y chocolate) (1993),Drama
1389,Swimming with Sharks (1995),Comedy|Drama
2571,"Sum of Us, The (1994)",Comedy
2061,National Lampoon's Senior Trip (1995),Comedy
1391,To Live (Huozhe) (1994),Drama
2600,Tank Girl (1995),Action|Comedy|Musical|Sci-Fi
2304,Tales From the Crypt Presents: Demon Knight (1995),Horror
392,Star Trek: Generations (1994),Action|Adventure|Sci-Fi
761,Tales from the Hood (1995),Comedy|Horror
2732,Tom & Viv (1994),Drama
2607,Village of the Damned (1995),Horror|Sci-Fi
552,Tommy Boy (1995),Comedy
954,Vanya on 42nd Street (1994),Drama
3019,"Underneath, The (1995)",Mystery|Thriller
2541,"Walking Dead, The (1995)",Drama|War
297,What's Eating Gilbert Grape (1993),Drama
2509,Virtuosity (1995),Sci-Fi|Thriller
412,While You Were Sleeping (1995),Comedy|Romance
1975,"War, The (1994)",Adventure|Drama
1405,Double Happiness (1994),Drama
1480,Muriel's Wedding (1994),Comedy|Romance
2863,"Baby-Sitters Club, The (1995)",Children's
428,Ace Ventura: Pet Detective (1994),Comedy
554,"Adventures of Priscilla, Queen of the Desert, The (1994)",Comedy|Drama
2024,Backbeat (1993),Drama|Musical
2867,Bitter Moon (1992),Drama
209,Bullets Over Broadway (1994),Comedy
98,Clear and Present Danger (1994),Action|Adventure|Thriller
1502,"Client, The (1994)",Drama|Mystery|Thriller
438,"Corrina, Corrina (1994)",Comedy|Drama|Romance
2081,Crooklyn (1994),Comedy
728,"Crow, The (1994)",Action|Romance|Thriller
2625,Cobb (1994),Drama
2551,"Flintstones, The (1994)",Children's|Comedy
110,Forrest Gump (1994),Comedy|Romance|War
440,Four Weddings and a Funeral (1994),Comedy|Romance
1413,Higher Learning (1995),Drama
2964,I Like It Like That (1994),Comedy|Drama|Romance
1758,I Love Trouble (1994),Action|Comedy
908,It Could Happen to You (1994),Drama|Romance
2311,"Jungle Book, The (1994)",Adventure|Children's|Romance
2027,"Wonderful, Horrible Life of Leni Riefenstahl, The (Die Macht der Bilder) (1993)",Documentary
226,"Lion King, The (1994)",Animation|Children's|Musical
2240,Little Buddha (1993),Drama
1259,Wes Craven's New Nightmare (1994),Horror
450,"Mask, The (1994)",Comedy|Crime|Fantasy
59,Maverick (1994),Action|Comedy|Western
2241,Mrs. Parker and the Vicious Circle (1994),Drama
1707,Naked Gun 33 1/3: The Final Insult (1994),Comedy
1234,"Paper, The (1994)",Comedy|Drama
1942,Reality Bites (1994),Comedy|Drama
1708,Red Rock West (1992),Thriller
2865,Richie Rich (1994),Children's|Comedy
2568,Safe Passage (1994),Drama
1759,"River Wild, The (1994)",Action|Thriller
169,Speed (1994),Action|Romance|Thriller
914,Speechless (1994),Comedy|Romance
1201,Timecop (1994),Action|Sci-Fi
96,True Lies (1994),Action|Adventure|Comedy|Romance
1177,When a Man Loves a Woman (1994),Drama
1836,Wolf (1994),Drama|Horror
232,Wyatt Earp (1994),Western
1883,Bad Company (1995),Action
2901,"Man of No Importance, A (1994)",Drama
3316,S.F.W. (1994),Drama
2744,"Low Down Dirty Shame, A (1994)",Action|Comedy
2244,Boys Life (1995),Drama
3153,"Colonel Chabert, Le (1994)",Drama|Romance|War
1869,Faster Pussycat! Kill! Kill! (1965),Action|Comedy|Drama
3202,Jason's Lyric (1994),Crime|Drama
1481,"Secret Adventures of Tom Thumb, The (1993)",Adventure|Children's
1769,Street Fighter (1994),Action
3037,Coldblooded (1995),Action
3450,Fall Time (1995),Drama
3223,"Fear, The (1995)",Horror
3324,Frank and Ollie (1995),Documentary
3147,Mirage (1995),Action|Thriller
3512,Brother Minister: The Assassination of Malcolm X (1994),Documentary
2452,Highlander III: The Sorcerer (1994),Action|Sci-Fi
2725,Federal Hill (1994),Drama
2686,In the Mouth of Madness (1995),Horror|Thriller
1996,8 Seconds (1994),Drama
2251,Above the Rim (1994),Drama
2178,Addams Family Values (1993),Comedy
3434,You So Crazy (1994),Comedy
719,"Age of Innocence, The (1993)",Drama
1831,Airheads (1994),Comedy
2358,"Air Up There, The (1994)",Comedy
2924,Another Stakeout (1993),Comedy|Thriller
2800,Bad Girls (1994),Western
1668,Barcelona (1994),Comedy|Romance
3034,Being Human (1993),Drama
2608,"Beverly Hillbillies, The (1993)",Comedy
766,Beverly Hills Cop III (1994),Action|Comedy
577,Black Beauty (1994),Adventure|Children's
2584,Blink (1994),Thriller
1999,Blown Away (1994),Action|Thriller
2585,Blue Chips (1994),Drama
868,Blue Sky (1994),Drama|Romance
2000,Body Snatchers (1993),Horror|Sci-Fi|Thriller
2510,Boxing Helena (1993),Mystery|Romance|Thriller
655,"Bronx Tale, A (1993)",Drama
805,Cabin Boy (1994),Comedy
3227,Calendar Girl (1993),Drama
1027,Carlito's Way (1993),Crime|Drama
1417,City Slickers II: The Legend of Curly's Gold (1994),Comedy|Western
2780,Clean Slate (1994),Comedy
1575,Cliffhanger (1993),Action|Adventure|Crime
448,Coneheads (1993),Comedy|Sci-Fi
2763,Color of Night (1994),Drama|Thriller
3366,Cops and Robbersons (1994),Comedy
2453,"Cowboy Way, The (1994)",Action|Comedy
3490,Dangerous Game (1993),Drama
985,Dave (1993),Comedy|Romance
1059,Dazed and Confused (1993),Comedy
258,Demolition Man (1993),Action|Sci-Fi
2992,"Endless Summer 2, The (1994)",Documentary
2764,Even Cowgirls Get the Blues (1993),Comedy|Romance
3142,Fatal Instinct (1993),Comedy
663,Farewell My Concubine (1993),Drama|Romance
3158,"Favor, The (1994)",Comedy|Romance
1424,Fearless (1993),Drama
1152,Fear of a Black Hat (1993),Comedy
2342,With Honors (1994),Comedy|Drama
2395,Flesh and Bone (1993),Drama|Mystery|Romance
3029,Widows' Peak (1994),Drama
2464,For Love or Money (1993),Comedy
668,"Firm, The (1993)",Drama|Thriller
1794,Free Willy (1993),Adventure|Children's|Drama
1429,Fresh (1994),Drama
99,"Fugitive, The (1993)",Action|Thriller
2316,Geronimo: An American Legend (1993),Drama|Western
2639,"Getaway, The (1994)",Action
3367,Getting Even with Dad (1994),Comedy
2245,Go Fish (1994),Drama|Romance
2750,"Good Man in Africa, A (1994)",Action|Adventure
2587,Guilty as Sin (1993),Crime|Drama|Thriller
2031,Hard Target (1993),Action|Adventure|Crime|Thriller
285,Heaven & Earth (1993),Action|Drama|War
1155,Hot Shots! Part Deux (1993),Action|Comedy|War
2448,Live Nude Girls (1995),Comedy
873,"Englishman Who Went Up a Hill, But Came Down a Mountain, The (1995)",Comedy|Romance
2851,"House of the Spirits, The (1993)",Drama|Romance
3404,House Party 3 (1994),Comedy
923,"Hudsucker Proxy, The (1994)",Comedy|Romance
2828,I'll Do Anything (1994),Comedy|Drama
2343,In the Army Now (1994),Comedy|War
261,In the Line of Fire (1993),Action|Thriller
740,In the Name of the Father (1993),Drama
1588,"Inkwell, The (1994)",Comedy|Drama
1786,What's Love Got to Do with It? (1993),Drama
3311,Jimmy Hollywood (1994),Comedy
2192,Judgment Night (1993),Action
77,Jurassic Park (1993),Action|Adventure|Sci-Fi
565,Kalifornia (1993),Drama|Thriller
1440,Killing Zoe (1994),Thriller
2250,King of the Hill (1993),Drama
2862,Lassie (1994),Adventure|Children's
819,Last Action Hero (1993),Action|Comedy
2465,Life with Mikey (1993),Comedy
2803,Lightning Jack (1994),Comedy|Western
2324,M. Butterfly (1993),Drama
3229,Made in America (1993),Comedy
1863,Malice (1993),Thriller
1927,"Man Without a Face, The (1993)",Drama
1447,Manhattan Murder Mystery (1993),Comedy|Mystery
851,Menace II Society (1993),Action|Crime|Drama
1289,Executive Decision (1996),Action|Thriller
2330,In the Realm of the Senses (Ai no corrida) (1976),Drama
2949,What Happened Was... (1994),Comedy|Drama|Romance
1070,Much Ado About Nothing (1993),Comedy|Romance
3051,Mr. Jones (1993),Drama|Romance
929,Mr. Wonderful (1993),Comedy|Romance
605,Mrs. Doubtfire (1993),Comedy
1416,Naked (1993),Drama
2364,"Next Karate Kid, The (1994)",Action|Children's
3010,"New Age, The (1994)",Drama
2598,No Escape (1994),Action|Sci-Fi
2791,North (1994),Comedy
157,Orlando (1993),Drama
1145,"Perfect World, A (1993)",Action|Drama
1028,Philadelphia (1993),Drama
159,"Piano, The (1993)",Drama|Romance
2786,Poetic Justice (1993),Drama
912,"Program, The (1993)",Action|Drama
2002,Robert A. Heinlein's The Puppet Masters (1994),Horror|Sci-Fi
1421,Radioland Murders (1994),Comedy|Mystery|Romance
1714,"Ref, The (1994)",Comedy
75,"Remains of the Day, The (1993)",Drama
2312,Renaissance Man (1994),Comedy|Drama|War
1303,Rising Sun (1993),Action|Drama|Mystery
2313,"Road to Wellville, The (1994)",Comedy
2714,Robocop 3 (1993),Sci-Fi|Thriller
466,Robin Hood: Men in Tights (1993),Comedy
1426,Romeo Is Bleeding (1993),Crime|Thriller
1428,Romper Stomper (1992),Action|Drama
2096,Ruby in Paradise (1993),Drama
278,Rudy (1993),Drama
2315,"Saint of Fort Washington, The (1993)",Drama
3374,"Savage Nights (Nuits fauves, Les) (1992)",Drama
17,Schindler's List (1993),Drama|War
3199,"Scout, The (1994)",Drama
322,Searching for Bobby Fischer (1993),Drama
3478,Second Best (1994),Drama
41,"Secret Garden, The (1993)",Children's|Drama
815,Serial Mom (1994),Comedy|Crime|Horror
1768,"Shadow, The (1994)",Action
1724,Shadowlands (1993),Drama|Romance
1907,Short Cuts (1993),Drama
2460,"Simple Twist of Fate, A (1994)",Drama
2391,Sirens (1994),Comedy|Drama
1433,Six Degrees of Separation (1993),Drama
492,Sleepless in Seattle (1993),Comedy|Romance
3106,Sliver (1993),Thriller
504,Blade Runner (1982),Film-Noir|Sci-Fi
505,Son in Law (1993),Comedy
506,So I Married an Axe Murderer (1993),Comedy|Romance|Thriller
2879,Striking Distance (1993),Action
883,Super Mario Bros. (1993),Action|Adventure|Children's|Sci-Fi
2542,Surviving the Game (1994),Action|Adventure|Thriller
2004,Terminal Velocity (1994),Action
1946,Thirty-Two Short Films About Glenn Gould (1993),Documentary
1067,Threesome (1994),Comedy|Romance
193,"Nightmare Before Christmas, The (1993)",Children's|Comedy|Musical
122,"Three Musketeers, The (1993)",Action|Adventure|Comedy
612,Tombstone (1993),Western
3408,Trial by Jury (1994),Thriller
300,True Romance (1993),Action|Crime|Romance
1163,"War Room, The (1993)",Documentary
3302,Mamma Roma (1962),Drama
1653,"Pagemaster, The (1994)",Action|Adventure|Animation|Children's|Fantasy
3370,"Paris, France (1993)",Comedy
3306,"Beans of Egypt, Maine, The (1994)",Drama
1446,Killer (Bulletproof Heart) (1994),Thriller
212,Welcome to the Dollhouse (1995),Comedy|Drama
3080,Germinal (1993),Drama
2809,Chasers (1994),Comedy
2329,Cronos (1992),Horror
3394,Naked in New York (1994),Comedy|Romance
3280,Kika (1993),Drama
1674,Bhaji on the Beach (1993),Comedy|Drama
252,Little Big League (1994),Children's|Comedy
2401,"Slingshot, The (Kådisbellan ) (1993)",Comedy|Drama
1306,"Wedding Gift, The (1994)",Drama
3440,Foreign Student (1994),Drama
2201,"Ciao, Professore! (Io speriamo che me la cavo ) (1993)",Drama
1887,Spanking the Monkey (1994),Comedy|Drama
1608,"Little Rascals, The (1994)",Children's|Comedy
1609,Andre (1994),Adventure|Children's
2715,"Hour of the Pig, The (1993)",Drama|Mystery
2601,Princess Caraboo (1994),Drama
998,"Celluloid Closet, The (1995)",Documentary
2617,Dear Diary (Caro Diario) (1994),Comedy|Drama
3463,I Don't Want to Talk About It (De eso no se habla) (1993),Drama
789,"Brady Bunch Movie, The (1995)",Comedy
695,Home Alone (1990),Children's|Comedy
349,Ghost (1990),Comedy|Romance|Thriller
25,Aladdin (1992),Animation|Children's|Comedy|Musical
69,Terminator 2: Judgment Day (1991),Action|Sci-Fi|Thriller
83,Dances with Wolves (1990),Adventure|Drama|Western
368,Batman (1989),Action|Adventure|Crime|Drama
87,"Silence of the Lambs, The (1991)",Drama|Thriller
5,Snow White and the Seven Dwarfs (1937),Animation|Children's|Musical
7,Beauty and the Beast (1991),Animation|Children's|Musical
371,Pinocchio (1940),Animation|Children's
231,Pretty Woman (1990),Comedy|Romance
3079,Window to Paris (1994),Comedy
1271,"Wild Bunch, The (1969)",Western
3105,Love and a .45 (1994),Thriller
2098,"Great Day in Harlem, A (1994)",Documentary
2634,"Bye Bye, Love (1995)",Comedy
917,One Fine Day (1996),Drama|Romance
2559,Candyman: Farewell to the Flesh (1995),Horror
43,Fargo (1996),Crime|Drama|Thriller
1650,Homeward Bound II: Lost in San Francisco (1996),Adventure|Children's
677,Heavy Metal (1981),Action|Adventure|Animation|Horror|Sci-Fi
1795,Hellraiser: Bloodline (1996),Action|Horror|Sci-Fi
3058,"Pallbearer, The (1996)",Comedy
2247,Jane Eyre (1996),Drama|Romance
3482,Loaded (1994),Drama|Thriller
1498,Bread and Chocolate (Pane e cioccolata) (1973),Drama
738,"Aristocats, The (1970)",Animation|Children's
1438,"Flower of My Secret, The (La Flor de Mi Secreto) (1995)",Drama
3504,Two Much (1996),Comedy|Romance
2704,Ed (1996),Comedy
2249,My Favorite Season (1993),Drama
3421,"Modern Affair, A (1995)",Romance
3506,Condition Red (1995),Action|Drama|Thriller
2738,"Thin Line Between Love and Hate, A (1996)",Comedy
2321,"Last Supper, The (1995)",Drama|Thriller
613,Primal Fear (1996),Drama|Thriller
1559,Carried Away (1996),Drama|Romance
1656,All Dogs Go to Heaven 2 (1996),Animation|Children's|Musical
2327,Land and Freedom (Tierra y libertad) (1995),War
3163,Denise Calls Up (1995),Comedy
2328,"Family Thing, A (1996)",Comedy|Drama
2615,Sgt. Bilko (1996),Comedy
2845,Jack and Sarah (1995),Romance
2082,Girl 6 (1996),Comedy
2936,Diabolique (1996),Drama|Thriller
1886,Nelly & Monsieur Arnaud (1995),Drama
1113,Courage Under Fire (1996),Drama|War
49,Mission: Impossible (1996),Action|Adventure|Mystery
1888,Cold Fever (Á köldum klaka) (1994),Comedy|Drama
269,Moll Flanders (1996),Drama
3409,"301, 302 (1995)",Mystery
119,Dragonheart (1996),Action|Adventure|Fantasy
3257,Eddie (1996),Comedy
2131,Purple Noon (1960),Crime|Thriller
1316,James and the Giant Peach (1996),Animation|Children's|Musical
2402,Fear (1996),Thriller
545,Kids in the Hall: Brain Candy (1996),Comedy
3272,Faithful (1996),Comedy
2768,Underground (1995),War
3467,All Things Fair (1996),Drama
2877,Bloodsport 2 (1995),Action
1889,Pather Panchali (1955),Drama
2135,Aparajito (1956),Drama
2089,"World of Apu, The (Apur Sansar) (1959)",Drama
792,Mystery Science Theater 3000: The Movie (1996),Comedy|Sci-Fi
1615,Space Jam (1996),Adventure|Animation|Children's|Comedy|Fantasy
831,Barbarella (1968),Adventure|Sci-Fi
795,Some Folks Call It a Sling Blade (1993),Drama|Thriller
3411,"Run of the Country, The (1995)",Drama
2137,Alphaville (1965),Sci-Fi
2535,Clean Slate (Coup de Torchon) (1981),Crime
3091,Tigrero: A Film That Was Never Made (1994),Documentary|Drama
2207,It's My Party (1995),Drama
3253,Country Life (1994),Drama|Romance
880,Operation Dumbo Drop (1995),Action|Adventure|Comedy|War
1226,Mrs. Winterbourne (1996),Comedy|Romance
1597,Solo (1996),Action|Sci-Fi|Thriller
1796,"Substitute, The (1996)",Action
1468,True Crime (1995),Mystery|Thriller
3315,Butterfly Kiss (1995),Thriller
1334,Feeling Minnesota (1996),Drama|Romance
1654,Angus (1995),Comedy
3470,Daens (1992),Drama
3041,Faces (1968),Drama
3241,"Quest, The (1996)",Action|Adventure
2666,Cosi (1996),Comedy
3310,Sunset Park (1996),Drama
683,Mulholland Falls (1996),Crime|Film-Noir|Thriller
1069,"Truth About Cats & Dogs, The (1996)",Comedy|Romance
1657,Oliver & Company (1988),Animation|Children's
3249,Celtic Pride (1996),Comedy
2712,Flipper (1996),Adventure|Children's
3131,Captives (1994),Drama
220,Dead Man (1995),Western
1870,"Horseman on the Roof, The (Hussard sur le toit, Le) (1995)",Drama
3190,Switchblade Sisters (1975),Crime
2265,Mouth to Mouth (Boca a boca) (1995),Comedy
1307,"Visitors, The (Les Visiteurs) (1993)",Comedy|Sci-Fi
2349,Multiplicity (1996),Comedy
314,Wallace & Gromit: The Best of Aardman Animation (1996),Animation
2560,"Haunted World of Edward D. Wood Jr., The (1995)",Documentary
1312,"Craft, The (1996)",Drama|Horror
2626,"Great White Hype, The (1996)",Comedy
3471,Last Dance (1996),Drama
164,Cold Comfort Farm (1995),Comedy
3081,"Institute Benjamenta, or This Dream People Call Human Life (1995)",Drama
2797,Heaven's Prisoners (1996),Mystery|Thriller
3432,Original Gangstas (1996),Crime
124,"Rock, The (1996)",Action|Adventure|Thriller
2941,Getting Away With Murder (1996),Comedy
1318,Cemetery Man (Dellamorte Dellamore) (1994),Comedy|Horror
85,Twister (1996),Action|Adventure|Romance|Thriller
1838,Barb Wire (1996),Action|Sci-Fi
281,Ghost in the Shell (Kokaku kidotai) (1995),Animation|Sci-Fi
2480,Thinner (1996),Horror|Thriller
2701,Spy Hard (1996),Comedy
323,"Close Shave, A (1995)",Animation|Comedy|Thriller
3038,Force of Evil (1948),Film-Noir
2708,"Stupids, The (1996)",Comedy
1761,"Arrival, The (1996)",Action|Sci-Fi|Thriller
3513,"Man from Down Under, The (1943)",Drama
386,Dr. Strangelove or: How I Learned to Stop Worrying and Love the Bomb (1963),Sci-Fi|War
3121,Careful (1992),Comedy
2206,"Month by the Lake, A (1995)",Comedy|Drama
1694,Gold Diggers: The Secret of Bear Mountain (1995),Adventure|Children's
2506,Kim (1950),Children's|Drama
3492,Carmen Miranda: Bananas Is My Business (1994),Documentary
3392,Ashes of Time (1994),Drama
3083,"Jar, The (Khomreh) (1992)",Drama
2035,Maya Lin: A Strong Clear Vision (1994),Documentary
1974,Stalingrad (1993),War
2422,"Phantom, The (1996)",Adventure
2826,Striptease (1996),Comedy|Crime
551,Heavy (1995),Drama|Romance
407,Jack (1996),Comedy|Drama
1333,I Shot Andy Warhol (1996),Drama
2272,"Grass Harp, The (1995)",Drama
3326,Marlene Dietrich: Shadow and Light (1996),Documentary
800,"Vie est belle, La (Life is Rosey) (1987)",Comedy|Drama
2273,Wend Kuuni (God's Gift) (1982),Drama
3358,Spirits of the Dead (Tre Passi nel Delirio) (1968),Horror
3156,Babyfever (1994),Comedy|Drama
336,Trainspotting (1996),Drama
2068,'Til There Was You (1997),Drama|Romance
432,Independence Day (ID4) (1996),Action|Sci-Fi|War
2212,Stealing Beauty (1996),Drama
3226,"Fan, The (1996)",Thriller
27,"Hunchback of Notre Dame, The (1996)",Animation|Children's|Musical
804,"Cable Guy, The (1996)",Comedy
763,Kingpin (1996),Comedy
1701,Eraser (1996),Action|Thriller
2013,"Gate of Heavenly Peace, The (1995)",Documentary
1137,"Nutty Professor, The (1996)",Comedy|Fantasy|Romance|Sci-Fi
3379,"I, Worst of All (Yo, la peor de todas) (1990)",Drama
3511,"Last Klezmer: Leopold Kozlowski, His Life and Music, The (1995)",Documentary
2996,"Hungarian Fairy Tale, A (1987)",Fantasy
3487,My Life and Times With Antonin Artaud (En compagnie d'Antonin Artaud) (1993),Drama
3261,"Very Natural Thing, A (1974)",Drama
1981,Daylight (1996),Action|Adventure|Thriller
1342,"Frighteners, The (1996)",Comedy|Horror
1078,Lone Star (1996),Drama|Mystery
1614,Harriet the Spy (1996),Children's|Comedy
363,Phenomenon (1996),Drama|Romance
2205,Walking and Talking (1996),Romance
890,She's the One (1996),Comedy|Romance
592,"Time to Kill, A (1996)",Drama
2618,American Buffalo (1996),Drama
2644,"Rendezvous in Paris (Rendez-vous de Paris, Les) (1995)",Comedy|Romance
1976,Alaska (1996),Adventure|Children's
2739,Fled (1996),Action|Adventure
2740,Kazaam (1996),Children's|Comedy|Fantasy
3179,"Bewegte Mann, Der (1994)",Comedy
2697,Larger Than Life (1996),Comedy
3369,Power 98 (1995),Action|Mystery|Thriller
793,"Very Brady Sequel, A (1996)",Comedy
3473,"Death in the Garden (Mort en ce jardin, La) (1956)",Drama
3186,"Collectionneuse, La (1967)",Drama
1083,Kaspar Hauser (1993),Drama
3108,"Adventures of Pinocchio, The (1996)",Adventure|Children's
1326,Joe's Apartment (1996),Comedy|Musical
400,"First Wives Club, The (1996)",Comedy
2909,Stonewall (1995),Drama
597,Ransom (1996),Drama|Thriller
3114,High School High (1996),Comedy
2415,Foxfire (1996),Drama
1763,Chain Reaction (1996),Action|Adventure|Thriller
1619,Matilda (1996),Children's|Comedy
239,Emma (1996),Comedy|Drama|Romance
2060,"Crow: City of Angels, The (1996)",Action|Thriller
3024,House Arrest (1996),Comedy
2483,Eyes Without a Face (1959),Horror
2484,Tales from the Crypt Presents: Bordello of Blood (1996),Horror
2435,"Story of Xinghua, The (1993)",Drama
955,Flirt (1995),Drama
1517,"Spitfire Grill, The (1996)",Drama
1748,Escape from L.A. (1996),Action|Adventure|Sci-Fi|Thriller
3003,Cyclo (1995),Crime|Drama
2171,Basquiat (1996),Drama
900,Tin Cup (1996),Comedy|Romance
3205,Dingo (1992),Drama
2140,"Ballad of Narayama, The (Narayama Bushiko) (1958)",Drama
570,"Godfather, The (1972)",Action|Crime|Drama
3180,"Maybe, Maybe Not (Bewegte Mann, Der) (1994)",Comedy
255,Supercop (1992),Action|Thriller
3101,Manny & Lo (1996),Drama
3014,Celestial Clockwork (1994),Comedy
3164,"Wife, The (1995)",Comedy|Drama
154,Bound (1996),Crime|Drama|Romance|Thriller
3077,Carpool (1996),Comedy|Crime
3192,Kansas City (1996),Crime
3148,Gone Fishin' (1997),Comedy
3388,Killer: A Journal of Murder (1995),Crime|Drama
2819,Nothing to Lose (1994),Drama
2122,Police Story 4: Project S (Chao ji ji hua) (1993),Action
2962,Girls Town (1996),Drama
3457,Bye-Bye (1995),Drama
2350,"Relic, The (1997)",Horror
2282,"Island of Dr. Moreau, The (1996)",Sci-Fi|Thriller
2640,First Kid (1996),Children's|Comedy
3233,"Trigger Effect, The (1996)",Drama|Thriller
1626,Bogus (1996),Children's|Drama|Fantasy
1301,Bulletproof (1996),Action
3502,Talk of Angels (1998),Drama
2919,Land Before Time III: The Time of the Great Giving (1995),Animation|Children's
1266,Halloween: The Curse of Michael Myers (1995),Horror|Thriller
1828,Twelfth Night (1996),Comedy|Drama|Romance
1354,Mother Night (1996),Drama
181,Wild Reeds (1994),Drama
1187,For Whom the Bell Tolls (1943),Adventure|War
486,"Philadelphia Story, The (1940)",Comedy|Romance
489,Singin' in the Rain (1952),Musical|Romance
1485,"American in Paris, An (1951)",Musical|Romance
1272,Funny Face (1957),Comedy|Musical
399,Breakfast at Tiffany's (1961),Drama|Romance
1017,Vertigo (1958),Mystery|Thriller
402,Rear Window (1954),Mystery|Thriller
939,It Happened One Night (1934),Comedy
952,Gaslight (1944),Mystery|Thriller
1728,"Gay Divorcee, The (1934)",Comedy|Musical|Romance
188,North by Northwest (1959),Drama|Thriller
1225,"Apartment, The (1960)",Comedy|Drama
798,Some Like It Hot (1959),Comedy|Crime
837,Charade (1963),Comedy|Mystery|Romance|Thriller
247,Casablanca (1942),Drama|Romance|War
199,"Maltese Falcon, The (1941)",Film-Noir|Mystery
249,My Fair Lady (1964),Musical|Romance
419,Sabrina (1954),Comedy|Romance
421,Roman Holiday (1953),Comedy|Romance
2370,"Little Princess, The (1939)",Children's|Drama
422,Meet Me in St. Louis (1944),Musical
6,"Wizard of Oz, The (1939)",Adventure|Children's|Drama|Musical
101,Gone with the Wind (1939),Drama|Romance|War
1713,My Favorite Year (1982),Comedy
940,Sunset Blvd. (a.k.a. Sunset Boulevard) (1950),Film-Noir
569,Citizen Kane (1941),Drama
649,2001: A Space Odyssey (1968),Drama|Mystery|Sci-Fi|Thriller
3098,Golden Earrings (1947),Adventure|Romance
433,All About Eve (1950),Drama
2424,"Women, The (1939)",Comedy
956,Rebecca (1940),Romance|Thriller
1519,Foreign Correspondent (1940),Thriller
942,Notorious (1946),Film-Noir|Romance|Thriller
1025,Spellbound (1945),Mystery|Romance|Thriller
1781,"Affair to Remember, An (1957)",Romance
984,To Catch a Thief (1955),Comedy|Romance|Thriller
1843,Father of the Bride (1950),Comedy
1964,"Band Wagon, The (1953)",Comedy|Musical
1730,Ninotchka (1939),Comedy|Romance
1231,Love in the Afternoon (1957),Comedy|Romance
8,Gigi (1958),Musical
3254,"Reluctant Debutante, The (1958)",Comedy|Drama
732,"Adventures of Robin Hood, The (1938)",Action|Adventure
1827,"Mark of Zorro, The (1940)",Adventure
662,Laura (1944),Crime|Film-Noir|Mystery
451,"Ghost and Mrs. Muir, The (1947)",Drama|Romance
1731,Lost Horizon (1937),Drama
1100,Top Hat (1935),Comedy|Musical|Romance
1732,To Be or Not to Be (1942),Comedy|Drama|War
943,My Man Godfrey (1936),Comedy
1844,Giant (1956),Drama
1029,East of Eden (1955),Drama
1349,"Thin Man, The (1934)",Mystery
944,His Girl Friday (1940),Comedy
1983,Around the World in 80 Days (1956),Adventure|Comedy
459,It's a Wonderful Life (1946),Drama
460,Mr. Smith Goes to Washington (1939),Drama
946,Bringing Up Baby (1938),Comedy
2836,Penny Serenade (1941),Drama|Romance
987,"Scarlet Letter, The (1926)",Drama
2944,Lady of Burlesque (1943),Comedy|Mystery
1490,Of Human Bondage (1934),Drama
1526,Angel on My Shoulder (1946),Crime|Drama
990,Little Lord Fauntleroy (1936),Drama
3103,They Made Me a Criminal (1939),Crime|Drama
478,"Inspector General, The (1949)",Musical
2872,Angel and the Badman (1947),Western
1104,"39 Steps, The (1935)",Thriller
3340,"Walk in the Sun, A (1945)",Drama
3117,"Outlaw, The (1943)",Western
670,Night of the Living Dead (1968),Horror|Sci-Fi
734,"African Queen, The (1951)",Action|Adventure|Romance|War
2147,Beat the Devil (1954),Comedy|Drama
498,Cat on a Hot Tin Roof (1958),Drama
3359,"Last Time I Saw Paris, The (1954)",Drama
1578,Meet John Doe (1941),Drama
2659,Algiers (1938),Drama|Romance
1188,"Farewell to Arms, A (1932)",Romance|War
1679,"Blue Angel, The (Blaue Engel, Der) (1930)",Drama
3137,In the Line of Duty 2 (1987),Action
3400,Dangerous Ground (1997),Drama
71,Picnic (1955),Drama
2115,"Pompatus of Love, The (1996)",Comedy|Drama
3425,Small Wonders (1996),Documentary
1500,Fly Away Home (1996),Adventure|Children's
2224,Bliss (1997),Drama|Romance
2427,Grace of My Heart (1996),Comedy|Drama
3325,Schlafes Bruder (Brother of Sleep) (1995),Drama
2873,Maximum Risk (1996),Action|Adventure|Thriller
2092,Michael Collins (1996),Drama|War
3452,"Rich Man's Wife, The (1996)",Thriller
2581,Infinity (1996),Drama
207,Big Night (1996),Drama
1849,Last Man Standing (1996),Action|Drama|Western
2582,Caught (1996),Drama|Thriller
2408,Set It Off (1996),Action|Crime
573,2 Days in the Valley (1996),Crime
2731,Curdled (1996),Crime
2522,Ed's Next Move (1996),Comedy
2673,Extreme Measures (1996),Drama|Thriller
2805,"Glimmer Man, The (1996)",Action|Thriller
2613,D3: The Mighty Ducks (1996),Children's|Comedy
3120,"Chamber, The (1996)",Drama
2332,"Apple Dumpling Gang, The (1975)",Children's|Comedy|Western
2616,"Davy Crockett, King of the Wild Frontier (1955)",Western
409,Escape to Witch Mountain (1975),Adventure|Children's|Fantasy
2188,"Love Bug, The (1969)",Children's|Comedy
1757,Herbie Rides Again (1974),Adventure|Children's|Comedy
1792,Old Yeller (1957),Children's|Drama
1094,"Parent Trap, The (1961)",Children's|Drama
1227,Pollyanna (1960),Children's|Comedy|Drama
1646,Homeward Bound: The Incredible Journey (1993),Adventure|Children's
424,"Shaggy Dog, The (1959)",Children's|Comedy
1793,Swiss Family Robinson (1960),Adventure|Children's
1648,That Darn Cat! (1965),Children's|Comedy|Mystery
425,"20,000 Leagues Under the Sea (1954)",Adventure|Children's|Fantasy|Sci-Fi
1998,Cool Runnings (1993),Comedy
1649,Angels in the Outfield (1994),Children's|Comedy
29,Cinderella (1950),Animation|Children's|Musical
434,Winnie the Pooh and the Blustery Day (1968),Animation|Children's
1669,"Three Caballeros, The (1945)",Animation|Children's|Musical
435,"Sword in the Stone, The (1963)",Animation|Children's
2864,So Dear to My Heart (1949),Children's|Drama
310,Robin Hood: Prince of Thieves (1991),Drama
37,Mary Poppins (1964),Children's|Comedy|Musical
38,Dumbo (1941),Animation|Children's|Musical
224,Pete's Dragon (1977),Adventure|Animation|Children's|Musical
445,Bedknobs and Broomsticks (1971),Adventure|Children's|Musical
447,Alice in Wonderland (1951),Animation|Children's|Musical
729,"Fox and the Hound, The (1981)",Animation|Children's
809,Freeway (1996),Crime
11,"Sound of Music, The (1965)",Musical
141,Die Hard (1988),Action|Thriller
1606,"Lawnmower Man, The (1992)",Action|Sci-Fi|Thriller
3130,Unhook the Stars (1996),Drama
2567,Synthetic Pleasures (1995),Documentary
3477,"Secret Agent, The (1996)",Drama
971,Secrets & Lies (1996),Drama
453,That Thing You Do! (1996),Comedy
230,To Gillian on Her 37th Birthday (1996),Drama|Romance
2180,Surviving Picasso (1996),Drama
166,Beautiful Thing (1996),Drama|Romance
811,"Long Kiss Goodnight, The (1996)",Action|Thriller
121,"Ghost and the Darkness, The (1996)",Action|Adventure
1549,Looking for Richard (1996),Documentary|Drama
2412,Trees Lounge (1996),Drama
2586,Normal Life (1996),Crime|Drama
1286,Get on the Bus (1996),Drama
3389,Shadow Conspiracy (1997),Thriller
3015,Jude (1996),Drama
872,Everyone Says I Love You (1996),Comedy|Musical|Romance
2526,Bitter Sugar (Azucar Amargo) (1996),Drama
470,William Shakespeare's Romeo and Juliet (1996),Drama|Romance
325,Swingers (1996),Comedy|Drama
1035,Sleepers (1996),Crime|Drama
1868,Johns (1996),Drama
1217,Aladdin and the King of Thieves (1996),Animation|Children's|Comedy
1497,Shall We Dance? (1937),Comedy|Musical|Romance
2589,"Damsel in Distress, A (1937)",Comedy|Musical|Romance
2661,Crossfire (1947),Crime|Film-Noir
672,"Murder, My Sweet (1944)",Film-Noir|Thriller
3479,For the Moment (1994),Romance|War
503,Willy Wonka and the Chocolate Factory (1971),Adventure|Children's|Comedy|Fantasy
2396,"Innocents, The (1961)",Thriller
678,Sleeper (1973),Comedy|Sci-Fi
1159,Bananas (1971),Comedy|War
116,"Fish Called Wanda, A (1988)",Comedy
515,Monty Python's Life of Brian (1979),Comedy
1971,Victor/Victoria (1982),Comedy|Musical
1556,"Candidate, The (1972)",Drama
1826,"Great Race, The (1965)",Comedy|Musical
518,Bonnie and Clyde (1967),Crime|Drama
965,"Old Man and the Sea, The (1958)",Adventure|Drama
1038,Dial M for Murder (1954),Mystery|Thriller
3073,Madame Butterfly (1995),Musical
246,Dirty Dancing (1987),Musical|Romance
197,Reservoir Dogs (1992),Crime|Thriller
877,Platoon (1986),Drama|War
1068,Weekend at Bernie's (1989),Comedy
618,Basic Instinct (1992),Mystery|Thriller
1592,"Doors, The (1991)",Drama|Musical
744,"Crying Game, The (1992)",Drama|Romance|War
213,Glengarry Glen Ross (1992),Drama
100,Sophie's Choice (1982),Drama
19,E.T. the Extra-Terrestrial (1982),Children's|Drama|Fantasy|Sci-Fi
1560,"Christmas Carol, A (1938)",Drama
1055,Days of Thunder (1990),Action|Romance
222,Top Gun (1986),Action|Romance
3035,American Strays (1996),Action
1026,Rebel Without a Cause (1955),Drama
446,"Streetcar Named Desire, A (1951)",Drama
3347,Children of the Corn IV: The Gathering (1996),Horror
1941,Microcosmos (Microcosmos: Le peuple de l'herbe) (1996),Documentary
2028,Palookaville (1996),Action|Drama
2969,"Associate, The (1996)",Comedy
2690,"Funeral, The (1996)",Drama
3090,"Single Girl, A (La Fille Seule) (1995)",Drama
2896,"Eighth Day, The (Le Huitième jour ) (1996)",Drama
2242,Drunks (1997),Drama
276,"People vs. Larry Flynt, The (1996)",Drama
3435,Glory Daze (1996),Drama
2534,"Perfect Candidate, A (1996)",Documentary
93,On Golden Pond (1981),Drama
465,"Return of the Pink Panther, The (1974)",Comedy
2458,Drop Dead Fred (1991),Comedy|Fantasy
468,"Abyss, The (1989)",Action|Adventure|Sci-Fi|Thriller
2354,"Fog, The (1980)",Horror
469,Escape from New York (1981),Action|Adventure|Sci-Fi|Thriller
1034,"Howling, The (1980)",Horror
2164,Jean de Florette (1986),Drama
2165,Manon of the Spring (Manon des sources) (1986),Drama
490,Private Benjamin (1980),Comedy
137,Monty Python and the Holy Grail (1974),Comedy
3122,Dadetown (1995),Documentary
3430,Everything Relative (1996),Drama
3159,"Line King: Al Hirschfeld, The (1996)",Documentary
1158,When We Were Kings (1996),Documentary
330,"Wrong Trousers, The (1993)",Animation|Comedy
3070,JLG/JLG - autoportrait de décembre (1994),Documentary|Drama
2413,"Return of Martin Guerre, The (Retour de Martin Guerre, Le) (1982)",Drama
2948,Faust (1994),Animation|Comedy|Thriller
2662,He Walked by Night (1948),Crime|Film-Noir|Thriller
3039,Raw Deal (1948),Film-Noir
3040,T-Men (1947),Film-Noir
3466,Six of a Kind (1934),Comedy
1558,"Tin Drum, The (Blechtrommel, Die) (1979)",Drama
2558,"Ruling Class, The (1972)",Comedy
3072,Mina Tannenbaum (1994),Drama
3162,Two or Three Things I Know About Her (1966),Drama
2678,Dear God (1996),Comedy
3141,Bad Moon (1996),Horror
2193,American Dream (1990),Documentary
218,Bob Roberts (1992),Comedy
1111,Cinema Paradiso (1988),Comedy|Drama|Romance
2433,"Cook the Thief His Wife & Her Lover, The (1989)",Drama
3055,Grosse Fatigue (1994),Comedy
150,Delicatessen (1991),Comedy|Sci-Fi
967,"Double Life of Veronique, The (La Double Vie de Véronique) (1991)",Drama
1305,Enchanted April (1991),Drama
1676,Paths of Glory (1957),Drama|War
627,"Grifters, The (1990)",Crime|Drama|Film-Noir
933,Hear My Song (1991),Comedy
3462,"Shooter, The (1995)",Action
1172,"English Patient, The (1996)",Drama|Romance|War
1311,Mediterraneo (1991),Comedy|War
629,My Left Foot (1989),Drama
1224,"Sex, Lies, and Videotape (1989)",Drama
1593,Passion Fish (1992),Drama
64,Strictly Ballroom (1992),Comedy|Romance
999,"Thin Blue Line, The (1988)",Documentary
1315,Tie Me Up! Tie Me Down! (1990),Drama
1122,Madonna: Truth or Dare (1991),Documentary
168,Paris Is Burning (1990),Documentary
0,One Flew Over the Cuckoo's Nest (1975),Drama
2134,Up in Smoke (1978),Comedy
84,Star Wars: Episode V - The Empire Strikes Back (1980),Action|Adventure|Drama|Sci-Fi|War
125,"Princess Bride, The (1987)",Action|Adventure|Comedy|Romance
86,Raiders of the Lost Ark (1981),Action|Adventure
1319,Brazil (1985),Sci-Fi
480,Aliens (1986),Action|Sci-Fi|Thriller|War
145,"Good, The Bad and The Ugly, The (1966)",Action|Western
2057,Withnail and I (1987),Comedy
1552,12 Angry Men (1957),Drama
483,Lawrence of Arabia (1962),Adventure|War
814,"Transformers: The Movie, The (1986)",Action|Animation|Children's|Sci-Fi|Thriller|War
671,"Clockwork Orange, A (1971)",Sci-Fi
39,To Kill a Mockingbird (1962),Drama
995,Apocalypse Now (1979),Drama|War
1554,Once Upon a Time in the West (1969),Western
52,Star Wars: Episode VI - Return of the Jedi (1983),Action|Adventure|Romance|Sci-Fi|War
1434,Wings of Desire (Der Himmel über Berlin) (1987),Comedy|Drama|Romance
1435,"Third Man, The (1949)",Mystery|Thriller
185,GoodFellas (1990),Crime|Drama
140,Alien (1979),Action|Horror|Sci-Fi|Thriller
502,Army of Darkness (1993),Action|Adventure|Comedy|Horror|Sci-Fi
972,"Big Blue, The (Le Grand Bleu) (1988)",Adventure|Romance
948,Ran (1985),Drama|War
846,"Killer, The (Die xue shuang xiong) (1989)",Action|Thriller
778,Psycho (1960),Horror|Thriller
514,"Blues Brothers, The (1980)",Action|Comedy|Musical
264,"Godfather: Part II, The (1974)",Action|Crime|Drama
817,Full Metal Jacket (1987),Action|Drama|War
334,"Grand Day Out, A (1992)",Animation|Comedy
957,Henry V (1989),Drama|War
74,Amadeus (1984),Drama
1240,"Quiet Man, The (1952)",Comedy|Romance
1859,Once Upon a Time in America (1984),Crime|Drama|Thriller
1462,Raging Bull (1980),Drama
524,Annie Hall (1977),Comedy|Romance
1484,"Right Stuff, The (1983)",Drama
2169,Stalker (1979),Mystery|Sci-Fi
526,"Boat, The (Das Boot) (1981)",Action|Drama|War
528,"Sting, The (1973)",Comedy|Crime
1220,Harold and Maude (1971),Comedy
2059,Trust (1990),Comedy|Drama
949,"Seventh Seal, The (Sjunde inseglet, Det) (1957)",Drama
1715,Local Hero (1983),Comedy
147,"Terminator, The (1984)",Action|Sci-Fi|Thriller
2501,Braindead (1992),Comedy|Horror
746,Glory (1989),Action|Drama|War
539,Rosencrantz and Guildenstern Are Dead (1990),Comedy|Drama
567,Manhattan (1979),Comedy|Drama|Romance
1562,Miller's Crossing (1990),Drama
44,Dead Poets Society (1989),Drama
111,"Graduate, The (1967)",Drama|Romance
931,Touch of Evil (1958),Crime|Film-Noir|Thriller
824,Nikita (La Femme Nikita) (1990),Thriller
158,"Bridge on the River Kwai, The (1957)",Drama|War
1073,8 1/2 (1963),Drama
932,Chinatown (1974),Film-Noir|Mystery|Thriller
344,"Day the Earth Stood Still, The (1951)",Drama|Sci-Fi
934,"Treasure of the Sierra Madre, The (1948)",Adventure
2106,Bad Taste (1987),Comedy|Horror
1508,Duck Soup (1933),Comedy|War
346,Better Off Dead... (1985),Comedy
750,"Shining, The (1980)",Horror
60,Stand by Me (1986),Adventure|Comedy|Drama
1677,M (1931),Crime|Film-Noir|Thriller
753,Evil Dead II (Dead By Dawn) (1987),Action|Adventure|Comedy|Horror
575,"Great Escape, The (1963)",Adventure|War
579,"Deer Hunter, The (1978)",Drama|War
1079,Diva (1981),Action|Drama|Mystery|Romance|Thriller
271,Groundhog Day (1993),Comedy|Romance
123,Unforgiven (1992),Western
827,"Manchurian Candidate, The (1962)",Film-Noir|Thriller
1317,Pump Up the Volume (1990),Drama
366,Arsenic and Old Lace (1944),Comedy|Mystery|Thriller
16,Back to the Future (1985),Comedy|Sci-Fi
375,Fried Green Tomatoes (1991),Drama
1013,Patton (1970),Drama|War
2088,Down by Law (1986),Comedy|Drama
280,Akira (1988),Adventure|Animation|Sci-Fi|Thriller
703,Highlander (1986),Action|Adventure
937,Cool Hand Luke (1967),Comedy|Drama
759,Cyrano de Bergerac (1990),Action|Drama|Romance
377,Young Frankenstein (1974),Comedy|Horror
1322,Night on Earth (1991),Comedy|Drama
1325,Raise the Red Lantern (1991),Drama
1516,"Great Dictator, The (1940)",Comedy
384,Fantasia (1940),Animation|Children's|Musical
1082,High Noon (1952),Western
640,"Big Sleep, The (1946)",Film-Noir|Mystery
951,Heathers (1989),Comedy
388,Somewhere in Time (1980),Drama|Romance
3,Ben-Hur (1959),Action|Adventure|Drama
549,This Is Spinal Tap (1984),Comedy|Drama|Musical
1929,Koyaanisqatsi (1983),Documentary|War
1331,Some Kind of Wonderful (1987),Drama|Romance
118,Indiana Jones and the Last Crusade (1989),Action|Adventure
404,Being There (1979),Comedy
63,Gandhi (1982),Drama
406,M*A*S*H (1970),Comedy|War
1131,"Unbearable Lightness of Being, The (1988)",Drama
862,"Room with a View, A (1986)",Drama|Romance
982,Real Genius (1985),Comedy
1467,Pink Floyd - The Wall (1982),Drama|Musical|War
1132,"Killing Fields, The (1984)",Drama|War
1040,My Life as a Dog (Mitt liv som hund) (1985),Drama
682,Forbidden Planet (1956),Sci-Fi
523,Field of Dreams (1989),Drama
572,"Man Who Would Be King, The (1975)",Adventure
129,Butch Cassidy and the Sundance Kid (1969),Action|Comedy|Western
1444,"Paris, Texas (1984)",Drama
850,Until the End of the World (Bis ans Ende der Welt) (1991),Drama|Sci-Fi
337,When Harry Met Sally... (1989),Comedy|Romance
1280,Hype! (1996),Documentary
2730,Female Perversions (1996),Drama
3346,Mad Dog Time (1996),Crime
3455,Anna (1996),Drama
2375,I'm Not Rappaport (1996),Comedy
1310,Alien³ (1992),Action|Horror|Sci-Fi|Thriller
747,"American Werewolf in London, An (1981)",Horror
3451,Amityville 3-D (1983),Horror
3387,Amityville: A New Generation (1993),Horror
3270,Amityville II: The Possession (1982),Horror
1245,"Amityville Horror, The (1979)",Horror
2713,"Amityville Curse, The (1990)",Horror
2477,Blood For Dracula (Andy Warhol's Dracula) (1974),Horror
2816,April Fool's Day (1986),Comedy|Horror
574,Audrey Rose (1977),Horror
2536,"Believers, The (1987)",Horror|Thriller
1004,"Birds, The (1963)",Horror
1314,"Blob, The (1958)",Horror|Sci-Fi
3271,Blood Beach (1981),Action|Horror
2831,Body Parts (1991),Horror
1291,"Body Snatcher, The (1945)",Horror
365,Bram Stoker's Dracula (1992),Horror|Romance
1008,Bride of Frankenstein (1935),Horror
2651,Burnt Offerings (1976),Horror
2269,Candyman (1992),Horror
636,Cape Fear (1991),Thriller
1012,Cape Fear (1962),Film-Noir|Thriller
1321,Carrie (1976),Horror
2450,Cat People (1982),Horror
1246,"Nightmare on Elm Street, A (1984)",Horror
1678,"Nosferatu (Nosferatu, eine Symphonie des Grauens) (1922)",Horror
3212,Nosferatu a Venezia (1986),Horror
760,"Omen, The (1976)",Horror
2572,Blood & Wine (1997),Drama
1839,Albino Alligator (1996),Crime|Thriller
2067,"Mirror Has Two Faces, The (1996)",Comedy|Romance
1890,Breaking the Waves (1996),Drama
2107,Nightwatch (1997),Horror|Thriller
385,Star Trek: First Contact (1996),Action|Adventure|Sci-Fi
45,Shine (1996),Drama|Romance
326,Sling Blade (1996),Drama|Thriller
1617,Jingle All the Way (1996),Adventure|Children's|Comedy
3531,Identification of a Woman (Identificazione di una donna) (1982),Drama
2090,Paradise Lost: The Child Murders at Robin Hood Hills (1996),Documentary
2599,"Garden of Finzi-Contini, The (Giardino dei Finzi-Contini, Il) (1970)",Drama
2461,"Preacher's Wife, The (1996)",Drama
3483,Zero Kelvin (Kjærlighetens kjøtere) (1995),Action
1332,Ridicule (1996),Drama
1892,"Crucible, The (1996)",Drama
2072,101 Dalmatians (1996),Children's|Comedy
3067,I Can't Sleep (J'ai pas sommeil) (1994),Drama|Thriller
80,Die Hard 2 (1990),Action|Thriller
414,Star Trek: The Motion Picture (1979),Action|Adventure|Sci-Fi
416,Star Trek VI: The Undiscovered Country (1991),Action|Adventure|Sci-Fi
1198,Star Trek V: The Final Frontier (1989),Action|Adventure|Sci-Fi
417,Star Trek: The Wrath of Khan (1982),Action|Adventure|Sci-Fi
418,Star Trek III: The Search for Spock (1984),Action|Adventure|Sci-Fi
420,Star Trek IV: The Voyage Home (1986),Action|Adventure|Sci-Fi
866,Batman Returns (1992),Action|Adventure|Comedy|Crime
126,Young Guns (1988),Action|Comedy|Western
127,Young Guns II (1990),Action|Comedy|Western
251,Grease (1978),Comedy|Musical|Romance
1718,Grease 2 (1982),Comedy|Musical|Romance
2746,Marked for Death (1990),Action|Drama
2563,"Substance of Fire, The (1996)",Drama
1749,Under Siege (1992),Action
144,Jaws (1975),Action|Horror
1798,Jaws 2 (1978),Action|Horror
2868,Jaws 3-D (1983),Action|Horror
1703,My Fellow Americans (1996),Comedy
807,Mars Attacks! (1996),Action|Comedy|Sci-Fi|War
153,Citizen Ruth (1996),Comedy|Drama
267,Jerry Maguire (1996),Drama|Romance
113,Raising Arizona (1987),Comedy
1341,Tin Men (1987),Comedy|Drama
602,Sneakers (1992),Crime|Drama|Sci-Fi
2214,Bastard Out of Carolina (1996),Drama
2334,In Love and War (1996),Romance|War
2215,Marvin's Room (1996),Drama
2121,Ghosts of Mississippi (1996),Drama
1877,Night Falls on Manhattan (1997),Crime|Drama
1120,Beavis and Butt-head Do America (1996),Animation|Comedy
2850,"Cérémonie, La (1995)",Drama
752,Scream (1996),Horror|Thriller
362,"Last of the Mohicans, The (1992)",Action|Romance|War
364,Michael (1996),Comedy|Romance
2610,"Evening Star, The (1996)",Comedy|Drama
277,Hamlet (1996),Drama
2749,Some Mother's Son (1996),Drama
2619,"Whole Wide World, The (1996)",Drama
1514,Mother (1996),Comedy
1864,"Thieves (Voleurs, Les) (1996)",Crime|Drama|Romance
1567,Evita (1996),Drama|Musical
2774,"Portrait of a Lady, The (1996)",Drama
1081,Walkabout (1971),Drama
3303,Message to Love: The Isle of Wight Festival (1996),Documentary
2728,Grateful Dead (1995),Documentary
595,Murder at 1600 (1997),Mystery|Thriller
2434,Hearts and Minds (1996),Drama
1324,Fierce Creatures (1997),Comedy
3286,Zeus and Roxanne (1997),Children's
2368,Turbulence (1997),Thriller
2562,Angel Baby (1995),Drama
1196,Jackie Chan's First Strike (1996),Action
2252,Beverly Hills Ninja (1997),Action|Comedy
1591,Metro (1997),Action
3507,"Machine, The (1994)",Comedy|Horror
3508,"Stranger, The (1994)",Action
3464,Falling in Love Again (1980),Comedy
3282,"Cement Garden, The (1993)",Drama
1747,Dante's Peak (1997),Action|Thriller
3337,Meet Wally Sparks (1997),Comedy
2923,Amos & Andrew (1993),Comedy
245,Benny & Joon (1993),Comedy|Romance
78,Prefontaine (1997),Drama
3250,Guantanamera (1994),Comedy
2841,McHale's Navy (1997),Comedy|War
1658,Kolya (1996),Comedy
2778,Gridlock'd (1997),Crime
201,Waiting for Guffman (1996),Comedy
1518,Prisoner of the Mountains (Kavkazsky Plennik) (1996),War
3076,"Beautician and the Beast, The (1997)",Comedy|Romance
2518,SubUrbia (1997),Comedy
3396,Hotel de Love (1996),Comedy|Romance
2982,"Pest, The (1997)",Comedy
899,Fools Rush In (1997),Comedy|Romance
3127,Touch (1997),Romance
1338,Absolute Power (1997),Mystery|Thriller
1620,That Darn Cat! (1997),Children's|Comedy|Mystery
1719,Vegas Vacation (1997),Comedy
1523,That Old Feeling (1997),Comedy|Romance
1931,Lost Highway (1997),Mystery
2213,Rosewood (1997),Drama
266,Donnie Brasco (1997),Crime|Drama
2333,Booty Call (1997),Comedy|Romance
3397,Rhyme & Reason (1997),Documentary
2437,Boys Life 2 (1997),Drama
1878,City of Industry (1997),Crime|Thriller
2699,Best Men (1997),Action|Comedy|Crime|Drama
1621,Jungle2Jungle (a.k.a. Jungle 2 Jungle) (1997),Children's|Comedy
2761,Kama Sutra: A Tale of Love (1996),Romance
1150,Private Parts (1997),Comedy|Drama
1915,Love Jones (1997),Romance
1058,"Saint, The (1997)",Action|Romance|Thriller
1348,Smilla's Sense of Snow (1997),Action|Drama|Thriller
2217,"Van, The (1996)",Comedy|Drama
2404,Crash (1996),Drama|Thriller
2394,"Daytrippers, The (1996)",Mystery
1153,Liar Liar (1997),Comedy
3449,"Quiet Room, The (1996)",Drama
608,Selena (1997),Drama|Musical
1951,"Devil's Own, The (1997)",Action|Drama|Thriller|War
1625,Cats Don't Dance (1997),Animation|Children's|Musical
3398,B*A*P*S (1997),Comedy
2946,Love and Other Catastrophes (1996),Romance
3042,"Sixth Man, The (1997)",Comedy
3399,Turbo: A Power Rangers Movie (1997),Action|Adventure|Children's
2511,Anna Karenina (1997),Drama|Romance
3304,Double Team (1997),Action
1353,Inventing the Abbotts (1997),Drama|Romance
2528,Anaconda (1997),Action|Adventure|Thriller
329,Grosse Pointe Blank (1997),Comedy|Crime
3428,Keys to Tulsa (1997),Crime
2042,Kissed (1996),Romance
3149,8 Heads in a Duffel Bag (1997),Comedy
3092,Hollow Reed (1996),Drama
3133,Paradise Road (1997),Drama|War
2421,Traveller (1997),Drama
1891,All Over Me (1997),Drama
2573,A Chef in Love (1996),Comedy
194,Romy and Michele's High School Reunion (1997),Comedy
3494,Temptress Moon (Feng Yue) (1996),Romance
2369,Volcano (1997),Drama|Thriller
2010,Children of the Revolution (1996),Comedy
196,Austin Powers: International Man of Mystery (1997),Comedy
1197,Breakdown (1997),Action|Thriller
3456,Broken English (1996),Drama
3259,Commandments (1997),Romance
1337,Ripe (1996),Drama
2371,"Truth or Consequences, N.M. (1997)",Action|Crime|Romance
2846,Warriors of Virtue (1997),Action|Adventure|Children's|Fantasy
2380,Fathers' Day (1997),Comedy
102,"Fifth Element, The (1997)",Action|Sci-Fi
214,Nowhere (1997),Drama
3230,Losing Chase (1996),Drama
2403,"Promise, The (La Promesse) (1996)",Drama
3291,"Bonheur, Le (1965)",Drama
152,Love! Valour! Compassion! (1997),Drama|Romance
47,Shall We Dance? (Shall We Dansu?) (1996),Comedy
2044,Twin Town (1997),Comedy|Crime
2045,Addicted to Love (1997),Comedy|Romance
1784,Brassed Off (1996),Comedy|Drama|Romance
1894,"Designated Mourner, The (1997)",Drama
62,"Lost World: Jurassic Park, The (1997)",Action|Adventure|Sci-Fi|Thriller
21,Ponette (1996),Drama
558,Schizopolis (1996),Comedy
2216,Shiloh (1997),Children's|Drama
2853,Rough Magic (1995),Drama|Romance
2335,Trial and Error (1997),Comedy|Romance
1622,Buddy (1997),Adventure|Children's|Drama
1215,Con Air (1997),Action|Adventure|Thriller
3495,Late Bloomers (1996),Comedy
1282,"Pillow Book, The (1995)",Drama|Romance
3418,"To Have, or Not (1995)",Drama
3206,Speed 2: Cruise Control (1997),Action|Romance|Thriller
3436,Wedding Bell Blues (1996),Comedy
1572,Batman & Robin (1997),Action|Adventure|Crime
562,Dream With the Fishes (1997),Drama
2384,Roseanna's Grave (For Roseanna) (1997),Comedy|Romance
3169,Head Above Water (1996),Comedy|Thriller
24,Hercules (1997),Adventure|Animation|Children's|Comedy|Musical
3173,"Last Time I Committed Suicide, The (1997)",Drama
233,My Best Friend's Wedding (1997),Comedy|Romance
3094,Tetsuo II: Body Hammer (1992),Sci-Fi
2854,When the Cats Away (Chacun cherche son chat) (1996),Comedy|Romance
2146,Contempt (Le Mépris) (1963),Drama
260,Face/Off (1997),Action|Sci-Fi|Thriller
3448,Fall (1997),Romance
3165,Gabbeh (1996),Drama
189,Men in Black (1997),Action|Adventure|Comedy|Sci-Fi
2705,Out to Sea (1997),Comedy
1629,Wild America (1997),Adventure|Children's
510,"Simple Wish, A (1997)",Children's|Fantasy
333,Contact (1997),Drama|Sci-Fi
2406,Love Serenade (1996),Comedy
512,G.I. Jane (1997),Action|Drama|War
741,Conan the Barbarian (1982),Action|Adventure
1630,George of the Jungle (1997),Children's|Comedy
295,Cop Land (1997),Crime|Drama|Mystery
1475,Event Horizon (1997),Action|Mystery|Sci-Fi|Thriller
1765,Spawn (1997),Action|Adventure|Sci-Fi|Thriller
1634,Air Bud (1997),Children's|Comedy
2049,Picture Perfect (1997),Comedy|Romance
681,In the Company of Men (1997),Drama
3065,Free Willy 3: The Rescue (1997),Adventure|Children's|Drama
1733,Career Girls (1997),Drama
617,Conspiracy Theory (1997),Action|Mystery|Romance|Thriller
2933,Desperate Measures (1998),Crime|Drama|Thriller
3338,Steel (1997),Action
2575,She's So Lovely (1997),Drama|Romance
2576,Hoodlum (1997),Crime|Drama|Film-Noir
2754,Leave It to Beaver (1997),Comedy
1139,Mimic (1997),Sci-Fi|Thriller
3126,Money Talks (1997),Action|Comedy
2043,Excess Baggage (1997),Adventure|Romance
2275,Kull the Conqueror (1997),Action|Adventure
907,Air Force One (1997),Action|Thriller
2829,187 (1997),Drama
56,"Hunt for Red October, The (1990)",Action|Thriller
1343,My Own Private Idaho (1991),Drama
2834,"Kiss Me, Guido (1997)",Comedy
2114,Star Maps (1997),Drama
661,In & Out (1997),Comedy
117,"Edge, The (1997)",Adventure|Thriller
1764,"Peacemaker, The (1997)",Action|Thriller|War
316,L.A. Confidential (1997),Crime|Film-Noir|Mystery|Thriller
606,Seven Years in Tibet (1997),Drama|War
1176,Kiss the Girls (1997),Crime|Drama|Thriller
1346,Soul Food (1997),Drama
2891,Wishmaster (1997),Horror
1916,"Thousand Acres, A (1997)",Drama
607,"Game, The (1997)",Mystery|Thriller
2934,Fire Down Below (1997),Action|Drama|Thriller
1879,U Turn (1997),Action|Crime|Mystery
2046,"MatchMaker, The (1997)",Comedy|Romance
2546,"Assignment, The (1997)",Thriller
2383,"Smile Like Yours, A (1997)",Comedy|Romance
473,Ulee's Gold (1997),Drama
177,"Ice Storm, The (1997)",Drama
3525,Stag (1997),Action|Thriller
283,Chasing Amy (1997),Drama|Romance
918,How to Be a Player (1997),Comedy
1065,"Full Monty, The (1997)",Comedy
2993,Indian Summer (a.k.a. Alive & Kicking) (1996),Comedy|Drama
736,"Mrs. Brown (Her Majesty, Mrs. Brown) (1997)",Drama|Romance
1268,I Know What You Did Last Summer (1997),Horror|Mystery|Thriller
775,"Devil's Advocate, The (1997)",Crime|Horror|Mystery|Thriller
2471,Rocket Man (1997),Comedy
1880,Playing God (1997),Crime|Thriller
1359,"House of Yes, The (1997)",Comedy|Drama|Thriller
184,"Fast, Cheap & Out of Control (1997)",Documentary
1862,Washington Square (1997),Drama
2579,Telling Lies in America (1997),Drama
3305,Year of the Horse (1997),Documentary
292,Gattaca (1997),Drama|Sci-Fi|Thriller
509,FairyTale: A True Story (1997),Children's|Drama|Fantasy
2485,Phantoms (1998),Horror
2726,Swept from the Sea (1997),Romance
2890,Wonderland (1997),Documentary
1193,"Life Less Ordinary, A (1997)",Romance|Thriller
3294,Hurricane Streets (1998),Drama
958,Eve's Bayou (1997),Drama
1848,Switchback (1997),Thriller
1882,Gang Related (1997),Crime
876,Stripes (1981),Comedy
2407,Nénette et Boni (1996),Drama
2399,Bean (1997),Comedy
2345,Hugo Pool (1997),Romance
2362,Mad City (1997),Action|Drama
2959,One Night Stand (1997),Drama
3062,"Tango Lesson, The (1997)",Romance
1918,Welcome To Sarajevo (1997),Drama|War
3188,Deceiver (1997),Crime
620,"Rainmaker, The (1997)",Drama
308,Boogie Nights (1997),Drama
253,Witness (1985),Drama|Romance|Thriller
3401,Incognito (1997),Crime|Thriller
533,Starship Troopers (1997),Action|Adventure|Sci-Fi|War
2621,Critical Care (1997),Comedy
309,"Joy Luck Club, The (1993)",Drama
3033,Chairman of the Board (1998),Comedy
1047,Sliding Doors (1998),Drama|Romance
2972,Mortal Kombat: Annihilation (1997),Action|Adventure
268,"Truman Show, The (1998)",Drama
693,"Wings of the Dove, The (1997)",Drama|Romance|Thriller
1865,Mrs. Dalloway (1997),Romance
3247,"I Love You, I Love You Not (1996)",Romance
1370,Red Corner (1997),Crime|Thriller
1371,"Jackal, The (1997)",Action|Thriller
225,Anastasia (1997),Animation|Children's|Musical
1829,"Man Who Knew Too Little, The (1997)",Comedy|Mystery
350,Alien: Resurrection (1997),Action|Horror|Sci-Fi
3135,Alien Escape (1995),Horror|Sci-Fi
1375,Amistad (1997),Drama
1476,"Apostle, The (1997)",Drama
2514,Artemisia (1997),Drama
2906,Bent (1997),Drama|War
1936,"Butcher Boy, The (1998)",Drama
279,Deconstructing Harry (1997),Comedy|Drama
733,Flubber (1997),Children's|Comedy|Fantasy
1984,For Richer or Poorer (1997),Comedy
282,Good Will Hunting (1997),Drama
1627,Home Alone 3 (1997),Children's|Comedy
735,Midnight in the Garden of Good and Evil (1997),Comedy|Crime|Drama|Mystery
1628,Mouse Hunt (1997),Children's|Comedy
183,Office Killer (1997),Thriller
1267,Scream 2 (1997),Horror|Thriller
3509,Stranger in the House (1997),Thriller
1895,"Sweet Hereafter, The (1997)",Drama
20,Titanic (1997),Drama|Romance
262,Tomorrow Never Dies (1997),Action|Romance|Thriller
2222,"Education of Little Tree, The (1997)",Drama
1986,"Postman, The (1997)",Drama
1528,"Horse Whisperer, The (1998)",Drama
2223,"Winter Guest, The (1997)",Drama
190,Jackie Brown (1997),Crime|Drama
200,Kundun (1997),Drama
1987,Mr. Magoo (1997),Comedy
202,"Big Lebowski, The (1998)",Comedy|Crime|Mystery|Thriller
1108,Afterglow (1997),Drama|Romance
204,My Life in Pink (Ma vie en rose) (1997),Comedy|Drama
302,Great Expectations (1998),Drama|Romance
3331,3 Ninjas: High Noon On Mega Mountain (1998),Action|Children's
2290,"Midaq Alley (Callejón de los milagros, El) (1995)",Drama
2513,Arguing the World (1996),Documentary
2336,Firestorm (1998),Action|Adventure|Thriller
3214,Senseless (1998),Comedy
823,Wag the Dog (1997),Comedy|Drama
686,Dark City (1998),Film-Noir|Sci-Fi|Thriller
2604,"Leading Man, The (1996)",Romance
2605,Star Kid (1997),Adventure|Children's|Fantasy|Sci-Fi
2804,Hard Rain (1998),Action|Thriller
543,Half Baked (1998),Comedy
1369,Fallen (1998),Action|Mystery|Thriller
2529,Shooting Fish (1997),Romance
341,"Prophecy II, The (1998)",Horror
2667,Dangerous Beauty (1998),Drama
156,Four Days in September (1997),Drama
1696,Spice World (1997),Comedy|Musical
1686,Deep Rising (1998),Action|Horror|Sci-Fi
3059,Music From Another Room (1998),Drama|Romance
1376,"Replacement Killers, The (1998)",Action|Thriller
3322,B. Monkey (1998),Romance|Thriller
2632,Night Flier (1997),Horror
756,Blues Brothers 2000 (1998),Action|Comedy|Musical
3295,Tokyo Fist (1995),Action|Drama
321,"Wedding Singer, The (1998)",Comedy|Romance
1381,Sphere (1998),Adventure|Sci-Fi|Thriller
2930,Ayn Rand: A Sense of Life (1997),Documentary
3500,Little City (1998),Comedy|Romance
1852,Palmetto (1998),Film-Noir|Mystery|Thriller
107,As Good As It Gets (1997),Comedy|Drama
2018,King of New York (1990),Action|Crime
3393,"Paralyzing Fear: The Story of Polio in America, A (1998)",Documentary
2079,Men With Guns (1997),Action|Drama
2852,Twilight (1998),Crime|Drama
1016,U.S. Marshalls (1998),Action|Thriller
2951,Welcome to Woop-Woop (1997),Comedy
1666,Love and Death on Long Island (1997),Comedy|Drama
2302,"Callejón de los milagros, El (1995)",Drama
2303,In God's Hands (1998),Action|Drama
1275,Everest (1998),Documentary
2649,Hush (1998),Thriller
797,Suicide Kings (1997),Crime|Drama
1179,"Man in the Iron Mask, The (1998)",Action|Drama|Romance
614,"Newton Boys, The (1998)",Crime|Drama
615,Wild Things (1998),Crime|Drama|Mystery|Thriller
1632,Paulie (1998),Adventure|Children's|Comedy
1847,"Cool Dry Place, A (1998)",Drama
2665,Hana-bi (1997),Comedy|Crime|Drama
619,Primary Colors (1998),Drama
2226,"Niagara, Niagara (1997)",Drama
2083,Wide Awake (1998),Children's|Comedy|Drama
3177,"Price Above Rubies, A (1998)",Drama
2227,Two Girls and a Guy (1997),Comedy|Drama
2813,No Looking Back (1998),Comedy|Drama|Romance
1221,"Object of My Affection, The (1998)",Comedy|Romance
2549,Meet the Deedles (1998),Children's|Comedy
2468,Homegrown (1998),Comedy|Thriller
3293,"Player's Club, The (1998)",Action|Drama
3402,Barney's Great Adventure (1998),Adventure|Children's
1114,"Big One, The (1997)",Comedy|Documentary
3109,Chinese Box (1997),Drama|Romance
3381,Follow the Bitch (1998),Comedy
347,Lost in Space (1998),Action|Sci-Fi|Thriller
3489,Heaven's Burning (1997),Action|Drama
888,Mercury Rising (1998),Action|Drama|Thriller
67,"Spanish Prisoner, The (1997)",Drama|Thriller
1049,City of Angels (1998),Romance
28,"Last Days of Disco, The (1998)",Drama
2755,"Odd Couple II, The (1998)",Comedy
3248,My Giant (1998),Comedy
273,He Got Game (1998),Drama
1922,"Gingerbread Man, The (1998)",Drama|Thriller
3499,Illtown (1996),Crime|Drama
2295,Live Flesh (1997),Drama
1379,Zero Effect (1998),Comedy|Thriller
3128,Nil By Mouth (1997),Drama
1638,"Borrowers, The (1997)",Adventure|Children's|Comedy|Fantasy
3486,Prince Valiant (1997),Adventure
3157,"I Love You, Don't Touch Me! (1998)",Drama|Romance
3377,Leather Jacket Love Story (1997),Drama|Romance
3496,"Alan Smithee Film: Burn Hollywood Burn, An (1997)",Comedy
2352,Kissing a Fool (1998),Comedy|Romance
2606,Krippendorf's Tribe (1998),Comedy
1957,Kurt & Courtney (1998),Documentary|Musical
2729,"Real Blonde, The (1997)",Comedy
1603,Mr. Nice Guy (1997),Action|Comedy
1954,Taste of Cherry (1997),Drama
1785,Character (Karakter) (1997),Drama
3146,Junk Mail (1997),Comedy|Thriller
2491,Species II (1998),Horror|Sci-Fi
2669,Major League: Back to the Minors (1998),Comedy
3066,Sour Grapes (1998),Comedy
2671,Wild Man Blues (1998),Documentary
2255,"Big Hit, The (1998)",Action|Comedy
2837,Tarzan and the Lost City (1998),Action|Adventure
3299,Black Dog (1998),Action|Thriller
2456,"Dancer, Texas Pop. 81 (1998)",Comedy|Drama
1667,"Friend of the Deceased, A (1997)",Comedy|Drama
3208,Go Now (1995),Drama
72,"Misérables, Les (1998)",Drama
2346,Still Breathing (1997),Comedy|Romance
2259,Clockwatchers (1997),Comedy
898,Deep Impact (1998),Action|Drama|Sci-Fi|Thriller
3194,Little Men (1998),Drama
3361,Woo (1998),Comedy|Romance
1867,"Hanging Garden, The (1997)",Drama
2445,Lawn Dogs (1997),Drama
2843,Quest for Camelot (1998),Adventure|Animation|Children's|Fantasy
1997,Godzilla (1998),Action|Sci-Fi
1605,Bulworth (1998),Comedy
801,Fear and Loathing in Las Vegas (1998),Comedy|Drama
208,"Opposite of Sex, The (1998)",Comedy|Drama
3403,I Got the Hook Up (1998),Comedy
3144,Almost Heroes (1998),Adventure|Comedy
1407,Hope Floats (1998),Comedy|Drama|Romance
2545,Insomnia (1997),Thriller
3395,Little Boy Blue (1997),Drama
2307,"Ugly, The (1997)",Horror|Thriller
600,"Perfect Murder, A (1998)",Mystery|Thriller
2759,Beyond Silence (1996),Drama
1228,Six Days Seven Nights (1998),Adventure|Comedy|Romance
1297,Can't Hardly Wait (1998),Comedy|Drama|Romance
2238,Cousin Bette (1998),Comedy
217,High Art (1998),Drama|Romance
3056,"Land Girls, The (1998)",Drama|War
2793,Passion in the Desert (1998),Adventure|Drama
1901,"Children of Heaven, The (Bacheha-Ye Aseman) (1997)",Drama
3413,Dear Jesse (1997),Documentary
2758,Dream for an Insomniac (1996),Drama|Romance
2784,Hav Plenty (1997),Comedy
2053,Henry Fool (1997),Comedy|Drama
3102,Mr. Jealousy (1997),Comedy|Romance
26,Mulan (1998),Animation|Children's
589,"X-Files: Fight the Future, The (1998)",Mystery|Sci-Fi|Thriller
2410,I Went Down (1997),Action|Comedy|Crime
1124,Doctor Dolittle (1998),Comedy
783,Out of Sight (1998),Action|Crime|Romance
1377,Picnic at Hanging Rock (1975),Drama|Mystery
1534,Smoke Signals (1998),Comedy|Drama
3362,Voyage to the Beginning of the World (1997),Drama
274,Buffalo 66 (1998),Action|Comedy|Drama
879,Armageddon (1998),Action|Adventure|Sci-Fi|Thriller
755,Lethal Weapon 4 (1998),Action|Comedy|Crime|Drama
1637,Madeline (1998),Children's|Comedy
1641,Small Soldiers (1998),Animation|Children's|Fantasy|War
179,Pi (1998),Sci-Fi|Thriller
2153,Whatever (1998),Drama
324,There's Something About Mary (1998),Comedy
1818,Plan 9 from Outer Space (1958),Horror|Sci-Fi
1776,Wings (1927),Drama|Romance|War
2187,"Broadway Melody, The (1929)",Musical
1183,All Quiet on the Western Front (1930),War
3238,Cimarron (1931),Western
1734,Grand Hotel (1932),Drama
2127,Cavalcade (1933),Drama
1536,Mutiny on the Bounty (1935),Adventure
1938,"Great Ziegfeld, The (1936)",Musical
2156,"Life of Émile Zola, The (1937)",Drama
1537,You Can't Take It With You (1938),Comedy
1491,How Green Was My Valley (1941),Drama
1735,Mrs. Miniver (1942),Drama|War
981,Going My Way (1944),Comedy
1538,"Lost Weekend, The (1945)",Drama
1579,"Best Years of Our Lives, The (1946)",Drama|War
1736,Gentleman's Agreement (1947),Drama
2442,Hamlet (1948),Drama
1777,All the King's Men (1949),Drama
2129,"Greatest Show on Earth, The (1952)",Drama
1276,From Here to Eternity (1953),Drama|Romance|War
70,On the Waterfront (1954),Crime|Drama
1091,Marty (1955),Drama|Romance
240,West Side Story (1961),Musical|Romance
410,Tom Jones (1963),Comedy
1092,"Man for All Seasons, A (1966)",Drama
1403,In the Heat of the Night (1967),Drama|Mystery
1721,Oliver! (1968),Musical
1285,Midnight Cowboy (1969),Drama
90,"French Connection, The (1971)",Action|Crime|Drama|Thriller
91,Rocky (1976),Action|Drama
92,Kramer Vs. Kramer (1979),Drama
720,Ordinary People (1980),Drama
94,Chariots of Fire (1981),Drama
838,Terms of Endearment (1983),Comedy|Drama
427,Out of Africa (1985),Drama|Romance
724,"Last Emperor, The (1987)",Drama|War
33,Rain Man (1988),Drama
34,Driving Miss Daisy (1989),Drama
1138,Take the Money and Run (1969),Comedy
1098,Klute (1971),Drama|Mystery
840,Repo Man (1984),Comedy|Sci-Fi
903,Metropolitan (1990),Comedy
437,Labyrinth (1986),Adventure|Children's|Fantasy
136,"Breakfast Club, The (1985)",Comedy|Drama
1247,"Nightmare on Elm Street Part 2: Freddy's Revenge, A (1985)",Horror
1249,"Nightmare on Elm Street 3: Dream Warriors, A (1987)",Horror
1250,"Nightmare on Elm Street 4: The Dream Master, A (1988)",Horror
1251,"Nightmare on Elm Street 5: The Dream Child, A (1989)",Horror
1252,Freddy's Dead: The Final Nightmare (1991),Horror
1253,Friday the 13th (1980),Horror
1254,Friday the 13th Part 2 (1981),Horror
1255,Friday the 13th Part 3: 3D (1982),Horror
1256,Friday the 13th: The Final Chapter (1984),Horror
1257,Friday the 13th Part V: A New Beginning (1985),Horror
1258,Friday the 13th Part VI: Jason Lives (1986),Horror
1260,Friday the 13th Part VII: The New Blood (1988),Horror
1261,Friday the 13th Part VIII: Jason Takes Manhattan (1989),Horror
767,Halloween (1978),Horror
1262,Halloween II (1981),Horror
1263,Halloween III: Season of the Witch (1983),Horror
1264,Halloween 4: The Return of Michael Myers (1988),Horror
1265,Halloween 5: The Revenge of Michael Myers (1989),Horror
3017,Prom Night (1980),Horror
3262,Hello Mary Lou: Prom Night II (1987),Horror
3372,Prom Night IV: Deliver Us From Evil (1992),Horror
1425,Child's Play (1988),Horror
3021,Child's Play 2 (1990),Horror
3221,Child's Play 3 (1992),Horror
771,Poltergeist (1982),Horror|Thriller
1801,Poltergeist II: The Other Side (1986),Horror|Thriller
2807,Poltergeist III (1988),Horror|Thriller
259,"Exorcist, The (1973)",Horror
3243,Exorcist II: The Heretic (1977),Horror
1825,"Exorcist III, The (1990)",Horror
477,Lethal Weapon (1987),Action|Comedy|Crime|Drama
479,Lethal Weapon 2 (1989),Action|Comedy|Crime|Drama
106,Lethal Weapon 3 (1992),Action|Comedy|Crime|Drama
481,Gremlins (1984),Comedy|Horror
1944,Gremlins 2: The New Batch (1990),Comedy|Horror
482,"Goonies, The (1985)",Adventure|Children's|Fantasy
133,"Mask of Zorro, The (1998)",Action|Adventure|Romance
2682,Polish Wedding (1998),Comedy
3036,"This World, Then the Fireworks (1996)",Crime|Drama|Film-Noir
487,Soylent Green (1973),Sci-Fi|Thriller
675,Metropolis (1926),Sci-Fi
499,Back to the Future Part II (1989),Comedy|Sci-Fi
500,Back to the Future Part III (1990),Comedy|Sci-Fi|Western
1157,"Poseidon Adventure, The (1972)",Action|Adventure
2120,Freaky Friday (1977),Children's|Comedy
501,"Absent Minded Professor, The (1961)",Children's|Comedy|Fantasy
2614,"Apple Dumpling Gang Rides Again, The (1979)",Children's|Comedy|Western
1671,Babes in Toyland (1961),Children's|Fantasy|Musical
13,Bambi (1942),Animation|Children's
737,Seven Samurai (The Magnificent Seven) (Shichinin no samurai) (1954),Action|Drama
742,Dangerous Liaisons (1988),Drama|Romance
513,Dune (1984),Fantasy|Sci-Fi
2102,"Last Temptation of Christ, The (1988)",Drama
1160,"Godfather: Part III, The (1990)",Action|Crime|Drama
1675,"Rapture, The (1991)",Drama|Mystery
1482,Lolita (1997),Drama|Romance
2356,Disturbing Behavior (1998),Horror|Thriller
2670,Mafia! (1998),Comedy|Crime
40,Saving Private Ryan (1998),Action|Drama|War
192,Billy's Hollywood Screen Kiss (1997),Comedy|Romance
2756,"$1,000,000 Duck (1971)",Children's|Comedy
3288,"Barefoot Executive, The (1971)",Children's|Comedy
1463,"Black Cauldron, The (1985)",Animation|Children's
1208,"Black Hole, The (1979)",Sci-Fi
2110,Blackbeard's Ghost (1968),Children's|Comedy
1655,Blank Check (1994),Children's|Comedy
2876,Candleshoe (1977),Adventure|Children's|Comedy
1445,"Cat from Outer Space, The (1978)",Children's|Comedy|Sci-Fi
536,"Computer Wore Tennis Shoes, The (1970)",Children's|Comedy
2007,Condorman (1981),Action|Adventure|Children's|Comedy
2393,D2: The Mighty Ducks (1994),Children's|Comedy
538,Darby O'Gill and the Little People (1959),Adventure|Children's|Fantasy
2825,"Devil and Max Devlin, The (1981)",Comedy
1504,"Far Off Place, A (1993)",Adventure|Children's|Drama|Romance
540,Flight of the Navigator (1986),Adventure|Children's|Sci-Fi
541,"Gnome-Mobile, The (1967)",Children's
2008,"Great Mouse Detective, The (1986)",Animation|Children's
542,"Happiest Millionaire, The (1967)",Comedy|Musical
2752,Herbie Goes Bananas (1980),Adventure|Children's|Comedy
2753,Herbie Goes to Monte Carlo (1977),Adventure|Children's|Comedy
1611,Hocus Pocus (1993),Children's|Comedy
1612,"Honey, I Blew Up the Kid (1992)",Children's|Comedy|Sci-Fi
343,"Honey, I Shrunk the Kids (1989)",Adventure|Children's|Comedy|Fantasy|Sci-Fi
2870,Hot Lead and Cold Feet (1978),Comedy|Western
2772,In Search of the Castaways (1962),Adventure|Children's
1465,"Incredible Journey, The (1963)",Adventure|Children's
1116,"Negotiator, The (1998)",Action|Thriller
1173,"Parent Trap, The (1998)",Children's|Drama
2373,BASEketball (1998),Comedy
2929,Full Tilt Boogie (1997),Documentary
2773,"Governess, The (1998)",Drama|Romance
3082,Seventh Heaven (Le Septième ciel) (1997),Drama|Romance
790,Roger & Me (1989),Comedy|Documentary
1121,"Purple Rose of Cairo, The (1985)",Comedy|Drama|Romance
936,Out of the Past (1947),Film-Noir
79,Doctor Zhivago (1965),Drama|Romance|War
2087,Fanny and Alexander (1982),Drama
1510,"Trip to Bountiful, The (1985)",Drama
1009,Tender Mercies (1983),Drama
1011,And the Band Played On (1993),Drama
374,"'burbs, The (1989)",Comedy
1712,Fandango (1985),Comedy
2680,"Night Porter, The (Il Portiere di notte) (1974)",Drama
2847,Mephisto (1981),Drama|War
547,Blue Velvet (1986),Drama|Mystery
1211,"Journey of Natty Gann, The (1985)",Adventure|Children's
376,"Jungle Book, The (1967)",Animation|Children's|Comedy|Musical
1515,Kidnapped (1960),Children's|Drama
383,Lady and the Tramp (1955),Animation|Children's|Comedy|Musical|Romance
138,"Little Mermaid, The (1989)",Animation|Children's|Comedy|Musical|Romance
706,"Mighty Ducks, The (1992)",Children's|Comedy
707,"Muppet Christmas Carol, The (1992)",Children's|Musical
1716,Newsies (1992),Children's|Musical
708,101 Dalmatians (1961),Animation|Children's
1979,One Magic Christmas (1985),Drama|Fantasy
387,Peter Pan (1953),Animation|Children's|Fantasy|Musical
1084,Popeye (1980),Adventure|Comedy|Musical
709,"Rescuers Down Under, The (1990)",Animation|Children's
397,"Rescuers, The (1977)",Animation|Children's
1329,Return from Witch Mountain (1978),Children's|Sci-Fi
2965,"Return of Jafar, The (1993)",Animation|Children's|Musical
401,Return to Oz (1985),Adventure|Children's|Fantasy|Sci-Fi
403,"Rocketeer, The (1991)",Action|Adventure|Sci-Fi
2524,"Shaggy D.A., The (1976)",Children's|Comedy
405,Sleeping Beauty (1959),Animation|Children's|Musical
1805,Something Wicked This Way Comes (1983),Children's|Horror
1780,Son of Flubber (1963),Children's|Comedy
1791,Song of the South (1946),Adventure|Animation|Children's|Musical
521,Splash (1984),Comedy|Fantasy|Romance
3200,Squanto: A Warrior's Tale (1994),Adventure|Drama
2200,Steamboat Willie (1940),Animation|Children's|Comedy|Musical
2326,Tall Tale (1994),Adventure|Children's
2979,Tex (1982),Drama
525,Tron (1982),Action|Adventure|Fantasy|Sci-Fi
1443,Swing Kids (1993),Drama|War
1269,Halloween: H20 (1998),Horror|Thriller
527,L.A. Story (1991),Comedy|Romance
529,"Jerk, The (1979)",Comedy
1972,Dead Men Don't Wear Plaid (1982),Comedy|Crime|Thriller
535,"Man with Two Brains, The (1983)",Comedy
1448,Grand Canyon (1991),Crime|Drama
3018,Graveyard Shift (1990),Horror|Thriller
1450,"Outsiders, The (1983)",Drama
135,Indiana Jones and the Temple of Doom (1984),Action|Adventure
688,"Lord of the Rings, The (1978)",Adventure|Animation|Children's|Sci-Fi
689,Nineteen Eighty-Four (1984),Drama|Sci-Fi
1045,"Dead Zone, The (1983)",Horror|Thriller
2502,Maximum Overdrive (1986),Horror
2473,Needful Things (1993),Drama|Horror
2475,Cujo (1983),Horror|Thriller
1802,Children of the Corn (1984),Horror|Thriller
1610,All Dogs Go to Heaven (1989),Animation|Children's
1464,"Addams Family, The (1991)",Comedy
342,Ever After: A Cinderella Story (1998),Drama|Romance
1298,Snake Eyes (1998),Action|Crime|Mystery|Thriller
3431,"First Love, Last Rites (1997)",Drama|Romance
2693,Safe Men (1998),Comedy
2359,"Saltmen of Tibet, The (1997)",Documentary
1509,Atlantic City (1980),Crime|Drama|Romance
2775,Autumn Sonata (Höstsonaten ) (1978),Drama
856,Who's Afraid of Virginia Woolf? (1966),Drama
357,Adventures in Babysitting (1987),Adventure|Comedy
1194,Weird Science (1985),Comedy
358,Doctor Dolittle (1967),Adventure|Musical
360,"Nutty Professor, The (1963)",Comedy
361,Charlotte's Web (1973),Animation|Children's
791,Watership Down (1978),Animation|Children's|Drama|Fantasy
697,"Secret of NIMH, The (1982)",Animation|Children's
373,"Dark Crystal, The (1982)",Children's|Fantasy|Sci-Fi
701,"American Tail, An (1986)",Animation|Children's|Comedy
1977,"American Tail: Fievel Goes West, An (1991)",Animation|Children's|Comedy
702,Legend (1985),Adventure|Fantasy|Romance
858,Sixteen Candles (1984),Comedy
859,Pretty in Pink (1986),Comedy|Drama|Romance
893,St. Elmo's Fire (1985),Drama|Romance
1978,"Clan of the Cave Bear, The (1986)",Drama
830,House (1986),Comedy|Horror
1803,House II: The Second Story (1987),Comedy|Horror
1452,"Gods Must Be Crazy, The (1980)",Comedy
2376,"Gods Must Be Crazy II, The (1989)",Comedy
1616,Air Bud: Golden Receiver (1998),Children's|Comedy
1762,"Avengers, The (1998)",Action|Adventure
1323,How Stella Got Her Groove Back (1998),Drama|Romance
1129,"Slums of Beverly Hills, The (1998)",Comedy
3353,"Best Man, The (Il Testimone dello sposo) (1997)",Comedy|Drama
2674,"Chambermaid on the Titanic, The (1998)",Romance
2795,"Henry: Portrait of a Serial Killer, Part 2 (1996)",Crime|Horror
1015,Henry: Portrait of a Serial Killer (1990),Crime|Horror
835,Rosemary's Baby (1968),Horror|Thriller
395,"NeverEnding Story, The (1984)",Adventure|Children's|Fantasy
1618,"NeverEnding Story II: The Next Chapter, The (1990)",Adventure|Children's|Fantasy
2482,Attack of the Killer Tomatoes! (1980),Comedy|Horror
2856,Surf Nazis Must Die (1987),Drama
1330,Your Friends and Neighbors (1998),Drama
331,Return to Paradise (1998),Drama|Romance
120,Blade (1998),Action|Adventure|Horror
2208,Dance with Me (1998),Drama|Romance
2627,Dead Man on Campus (1998),Comedy
1598,Wrongfully Accused (1998),Action|Comedy
1093,"Next Stop, Wonderland (1998)",Comedy|Drama|Romance
3515,"Strike! (a.k.a. All I Wanna Do, The Hairy Bird) (1998)",Comedy
645,"Navigator: A Mediaeval Odyssey, The (1988)",Adventure|Fantasy|Sci-Fi
415,Beetlejuice (1988),Comedy|Fantasy
2574,Déjà Vu (1997),Drama|Romance
1469,Rope (1948),Thriller
2817,Family Plot (1976),Comedy|Thriller
1021,Frenzy (1972),Thriller
2818,Topaz (1969),Thriller
2139,Torn Curtain (1966),Thriller
1930,Marnie (1964),Thriller
2555,"Wrong Man, The (1956)",Drama|Film-Noir|Thriller
1022,"Man Who Knew Too Much, The (1956)",Thriller
1470,"Trouble with Harry, The (1955)",Mystery|Thriller
2931,I Confess (1953),Thriller
941,Strangers on a Train (1951),Film-Noir|Thriller
2932,Stage Fright (1950),Mystery|Thriller
1797,54 (1998),Drama
803,I Married A Strange Person (1997),Animation
1702,Why Do Fools Fall In Love? (1998),Drama
3468,"Merry War, A (1997)",Comedy
3061,See the Sea (Regarde la mer) (1997),Drama
444,Willow (1988),Action|Adventure|Fantasy
48,"Untouchables, The (1987)",Action|Crime|Drama
808,Dirty Work (1998),Comedy
2974,Knock Off (1998),Action
3244,Firelight (1997),Drama
3532,Modulations (1998),Documentary
2724,"Paradine Case, The (1947)",Drama
1182,Lifeboat (1944),Drama|Thriller|War
1725,Shadow of a Doubt (1943),Film-Noir|Thriller
1727,Saboteur (1942),Thriller
2940,Mr. & Mrs. Smith (1941),Comedy
1003,Suspicion (1941),Mystery|Thriller
3330,Jamaica Inn (1939),Drama
975,"Lady Vanishes, The (1938)",Comedy|Mystery|Romance|Thriller
3115,Young and Innocent (1937),Crime|Thriller
1774,Sabotage (1936),Thriller
2810,Secret Agent (1936),Thriller
1512,"Man Who Knew Too Much, The (1934)",Thriller
2942,Rich and Strange (1932),Comedy|Romance
2554,Murder! (1930),Mystery|Thriller
3152,Blackmail (1929),Thriller
3423,"Farmer's Wife, The (1928)",Comedy
2811,"Lodger, The (1926)",Thriller
1782,Rounders (1998),Crime|Drama
1328,Cube (1997),Sci-Fi|Thriller
57,Simon Birch (1998),Drama
3054,Without Limits (1998),Drama
1088,Seven Beauties (Pasqualino Settebellezze) (1976),Comedy|Drama
1089,Swept Away (Travolti da un insolito destino nell'azzurro mare d'Agosto) (1975),Comedy|Drama
2036,My Bodyguard (1980),Drama
2377,Class (1983),Comedy
3193,"Grandview, U.S.A. (1984)",Drama
864,Broadcast News (1987),Comedy|Drama|Romance
2981,"Allnighter, The (1987)",Comedy|Romance
865,Working Girl (1988),Comedy|Drama
3519,Stars and Bars (1988),Comedy
2073,Married to the Mob (1988),Comedy
718,Say Anything... (1989),Comedy|Drama|Romance
799,My Blue Heaven (1990),Comedy
1135,Men Don't Leave (1990),Drama
2955,"Cabinet of Dr. Ramirez, The (1991)",Comedy
431,Hero (1992),Comedy|Drama
882,Toys (1992),Action|Comedy|Fantasy
2379,Young Doctors in Love (1982),Comedy
2812,Parasite (1982),Horror|Sci-Fi
3225,No Small Affair (1984),Comedy|Romance
3526,Master Ninja I (1984),Action
2012,Blame It on Rio (1984),Comedy|Romance
3049,Wisdom (1986),Action|Crime
1054,One Crazy Summer (1986),Comedy
905,About Last Night... (1986),Comedy|Drama|Romance
2276,"Seventh Sign, The (1988)",Thriller
2277,We're No Angels (1989),Drama
806,Nothing But Trouble (1991),Adventure|Comedy
1230,"Butcher's Wife, The (1991)",Comedy|Romance
2577,Mortal Thoughts (1991),Mystery|Thriller
50,"Few Good Men, A (1992)",Crime|Drama
1142,Indecent Proposal (1993),Drama
2173,Permanent Midnight (1998),Drama
1525,One True Thing (1998),Drama
1149,Rush Hour (1998),Action|Thriller
2702,Six-String Samurai (1998),Action|Adventure|Sci-Fi
2256,"Soldier's Daughter Never Cries, A (1998)",Drama
317,Ronin (1998),Action|Crime|Thriller
2547,Urban Legend (1998),Horror|Thriller
1783,Clay Pigeons (1998),Crime
3313,Monument Ave. (1998),Crime
559,Pecker (1998),Comedy|Drama
3143,"Sheltering Sky, The (1990)",Drama
2281,Bandit Queen (1994),Drama
2143,If.... (1968),Drama
2736,"Fiendish Plot of Dr. Fu Manchu, The (1980)",Comedy
665,Them! (1954),Sci-Fi|Thriller|War
666,"Thing, The (1982)",Action|Horror|Sci-Fi|Thriller
172,"Player, The (1992)",Comedy|Drama
2922,Stardust Memories (1980),Comedy|Drama
176,Edward Scissorhands (1990),Drama|Romance
3364,Overnight Delivery (1996),Romance
2620,Shadrach (1998),Drama
22,Antz (1998),Animation|Children's
2074,"Impostors, The (1998)",Comedy
2612,"Night at the Roxbury, A (1998)",Comedy
1216,What Dreams May Come (1998),Drama|Romance
3255,"Battle of the Sexes, The (1959)",Comedy
391,"Producers, The (1968)",Comedy|Musical
861,History of the World: Part I (1981),Comedy
328,My Cousin Vinny (1992),Comedy
1087,Nashville (1975),Drama|Musical
3273,Love Is the Devil (1998),Drama
2271,Slam (1998),Drama
2741,Holy Man (1998),Comedy
2357,One Tough Cop (1998),Action|Drama
3501,"Inheritors, The (Die Siebtelbauern) (1998)",Drama
1564,"Mighty, The (1998)",Drama
644,2010 (1984),Mystery|Sci-Fi
411,Children of a Lesser God (1986),Drama
1020,"Elephant Man, The (1980)",Drama
1729,Beloved (1998),Drama
2602,Bride of Chucky (1998),Horror|Thriller
413,Practical Magic (1998),Drama|Romance
3191,"Alarmist, The (1997)",Comedy
195,Happiness (1998),Comedy
2253,Apt Pupil (1998),Drama|Thriller
429,Pleasantville (1998),Comedy
1336,Soldier (1998),Action|Adventure|Sci-Fi|Thriller|War
210,"Cruise, The (1998)",Documentary
338,Life Is Beautiful (La Vita è bella) (1997),Comedy|Drama
2455,Orgazmo (1997),Comedy
3439,Shattered Image (1998),Drama|Thriller
1834,Tales from the Darkside: The Movie (1990),Horror
1806,Vampires (1998),Horror
307,American History X (1998),Drama
2091,Hands on a Hard Body (1996),Documentary
1522,Living Out Loud (1998),Comedy|Romance
3321,Belly (1998),Crime|Drama
149,Gods and Monsters (1998),Drama
1140,"Siege, The (1998)",Action|Thriller
1980,"Waterboy, The (1998)",Comedy
443,Elizabeth (1998),Drama
151,Velvet Goldmine (1998),Drama
1248,I Still Know What You Did Last Summer (1998),Horror|Mystery|Thriller
2611,I'll Be Home For Christmas (1998),Comedy|Romance
910,Meet Joe Black (1998),Romance
1524,Dancing at Lughnasa (1998),Drama
3123,Hard Core Logo (1996),Comedy
1281,Runaway Train (1985),Action|Adventure|Drama|Thriller
2381,Desert Bloom (1986),Drama
1835,"Stepford Wives, The (1975)",Sci-Fi|Thriller
2454,"Pope of Greenwich Village, The (1984)",Action
810,Sid and Nancy (1986),Drama
1345,Mona Lisa (1986),Comedy|Thriller
3150,Heart Condition (1990),Comedy
2142,Nights of Cabiria (Le Notti di Cabiria) (1957),Drama
871,"Big Chill, The (1983)",Comedy|Drama
81,Enemy of the State (1998),Action|Thriller
1623,"Rugrats Movie, The (1998)",Animation|Children's|Comedy
2,"Bug's Life, A (1998)",Animation|Children's|Comedy
1932,Celebrity (1998),Comedy
1607,Central Station (Central do Brasil) (1998),Drama
3412,Savior (1998),Drama
1457,Waking Ned Devine (1998),Comedy
1952,"Celebration, The (Festen) (1998)",Drama
1933,Pink Flamingos (1972),Comedy
3004,Glen or Glenda (1953),Drama
1352,Godzilla (Gojira) (1954),Action|Sci-Fi
1471,Godzilla (Gojira) (1984),Action|Sci-Fi
1472,King Kong vs. Godzilla (Kingukongu tai Gojira) (1962),Action|Sci-Fi
143,King Kong (1933),Action|Adventure|Horror
1985,King Kong (1976),Action|Adventure|Horror
3405,King Kong Lives (1986),Action|Adventure|Horror
625,Desperately Seeking Susan (1985),Comedy|Romance
578,"Emerald Forest, The (1985)",Action|Adventure|Drama
493,Fletch (1985),Comedy
2123,Fletch Lives (1989),Comedy
2466,Red Sonja (1985),Action|Adventure
2385,Gung Ho (1986),Comedy|Drama
497,"Money Pit, The (1986)",Comedy
776,"View to a Kill, A (1985)",Action
674,Lifeforce (1985),Horror|Sci-Fi
1965,Police Academy (1984),Comedy
2734,Police Academy 2: Their First Assignment (1985),Comedy
2398,Police Academy 3: Back in Training (1986),Comedy
2788,Police Academy 4: Citizens on Patrol (1987),Comedy
2789,Police Academy 5: Assignment: Miami Beach (1988),Comedy
3025,Police Academy 6: City Under Siege (1989),Comedy
1662,Babe: Pig in the City (1998),Children's|Comedy
1106,Home Fries (1998),Comedy|Romance
3410,Jerry Springer: Ringmaster (1998),Drama
1881,Very Bad Things (1998),Comedy|Crime
2504,Steam: The Turkish Bath (Hamam) (1997),Drama|Romance
611,Psycho (1998),Crime|Horror|Thriller
203,Little Voice (1998),Comedy
820,"Simple Plan, A (1998)",Crime|Thriller
1633,Jack Frost (1998),Comedy|Drama
520,Star Trek: Insurrection (1998),Action|Sci-Fi
616,"Prince of Egypt, The (1998)",Animation|Musical
206,Rushmore (1998),Comedy
89,Shakespeare in Love (1998),Comedy|Romance
2910,Mass Appeal (1984),Drama
9,Miracle on 34th Street (1947),Drama
522,Santa Claus: The Movie (1985),Adventure|Children's|Fantasy
3136,Prancer (1989),Children's|Drama
1807,Pale Rider (1985),Western
1750,Rambo: First Blood Part II (1985),Action|War
960,First Blood (1982),Action
1751,Rambo III (1988),Action|War
441,"Jewel of the Nile, The (1985)",Action|Adventure|Comedy|Romance
221,Romancing the Stone (1984),Action|Adventure|Comedy|Romance
442,Cocoon (1985),Comedy|Sci-Fi
2181,Cocoon: The Return (1988),Comedy|Sci-Fi
906,Rocky II (1979),Action|Drama
1982,Rocky III (1982),Action|Drama
909,Rocky IV (1985),Action|Drama
1752,Rocky V (1990),Action|Drama
1056,Clue (1985),Comedy|Mystery
731,Young Sherlock Holmes (1985),Action|Adventure|Mystery
2905,Violets Are Blue... (1986),Drama|Romance
1057,Back to School (1986),Comedy
2943,Heartburn (1986),Comedy|Drama
1148,Nothing in Common (1986),Comedy
2197,Extremities (1986),Drama|Thriller
1845,"Karate Kid, The (1984)",Drama
1570,"Karate Kid, Part II, The (1986)",Action|Adventure|Drama
2927,"Karate Kid III, The (1989)",Action|Adventure|Drama
454,Christmas Vacation (1989),Comedy
455,You've Got Mail (1998),Comedy|Romance
2279,"General, The (1998)",Crime
1235,"Theory of Flight, The (1998)",Comedy|Drama|Romance
171,"Thin Red Line, The (1998)",Action|Drama|War
2199,"Faculty, The (1998)",Horror|Sci-Fi
1624,Mighty Joe Young (1998),Adventure|Children's|Drama
1186,Mighty Joe Young (1949),Adventure|Children's|Drama
471,Patch Adams (1998),Comedy|Drama
1064,Stepmom (1998),Drama
609,"Civil Action, A (1998)",Drama
2218,Down in the Delta (1998),Drama
2444,Hurlyburly (1998),Drama
474,Tea with Mussolini (1999),Comedy
2219,Wilde (1997),Drama
3517,Outside Ozona (1998),Drama|Thriller
1585,Affliction (1997),Drama
3181,Another Day in Paradise (1998),Drama
3187,"Hi-Lo Country, The (1998)",Drama|Western
286,Hilary and Jackie (1998),Drama
1238,Playing by Heart (1998),Drama|Romance
3318,24 7: Twenty Four Seven (1997),Comedy|Drama
2968,At First Sight (1999),Drama
2762,In Dreams (1999),Thriller
921,Varsity Blues (1999),Comedy|Drama
2733,Virus (1999),Horror|Sci-Fi
3210,"Garbage Pail Kids Movie, The (1987)",Adventure|Children's
1360,Howard the Duck (1986),Adventure|Children's|Sci-Fi
1809,"Gate, The (1987)",Horror
3460,"Gate II: Trespassers, The (1990)",Horror
507,"Boy Who Could Fly, The (1986)",Drama|Fantasy
779,"Fly, The (1958)",Horror|Sci-Fi
680,"Fly, The (1986)",Horror|Sci-Fi
2451,"Fly II, The (1989)",Horror|Sci-Fi
1659,Running Scared (1986),Action|Comedy
2467,Armed and Dangerous (1986),Comedy|Crime
1362,"Texas Chainsaw Massacre, The (1974)",Horror
2652,"Texas Chainsaw Massacre 2, The (1986)",Horror
2857,Leatherface: Texas Chainsaw Massacre III (1990),Horror
2486,"Return of the Texas Chainsaw Massacre, The (1994)",Horror
1474,Ruthless People (1986),Comedy
3297,Trick or Treat (1986),Horror
2653,Deadly Friend (1986),Horror
3309,Belizaire the Cajun (1986),Drama
1039,"Name of the Rose, The (1986)",Mystery
1241,Jumpin' Jack Flash (1986),Action|Comedy|Romance|Thriller
928,Peggy Sue Got Married (1986),Comedy|Romance
130,Crocodile Dundee (1986),Adventure|Comedy
1191,Crocodile Dundee II (1988),Adventure|Comedy
1531,Tough Guys (1986),Comedy
1242,Soul Man (1986),Comedy
2125,"Color of Money, The (1986)",Drama
2195,52 Pick-Up (1986),Action|Mystery|Thriller
1723,Heartbreak Ridge (1986),Action|War
3336,Firewalker (1986),Adventure
1071,Three Amigos! (1986),Comedy|Western
2971,Gloria (1999),Drama|Thriller
3498,Dry Cleaning (Nettoyage à sec) (1997),Drama
2723,My Name Is Joe (1998),Drama|Romance
2051,Still Crazy (1998),Comedy|Romance
2293,"Day of the Beast, The (El Día de la bestia) (1995)",Comedy|Horror|Thriller
1048,She's All That (1999),Comedy|Romance
3251,"Blood, Guts, Bullets and Octane (1998)",Action|Comedy
2151,Peeping Tom (1960),Drama|Horror|Thriller
588,Payback (1999),Action|Thriller
2785,Simply Irresistible (1999),Comedy|Romance
2698,20 Dates (1998),Comedy
2229,"Harmonists, The (1997)",Drama
1990,"Last Days, The (1998)",Documentary
2717,"Fantastic Planet, The (La Planète sauvage) (1973)",Animation|Sci-Fi
352,Blast from the Past (1999),Comedy|Romance
353,Message in a Bottle (1999),Romance
355,My Favorite Martian (1999),Comedy|Sci-Fi
1664,God Said 'Ha!' (1998),Comedy
2963,Jawbreaker (1999),Comedy
97,October Sky (1999),Drama
772,Office Space (1999),Comedy|Romance
3093,"Apple, The (Sib) (1998)",Drama
2174,200 Cigarettes (1999),Comedy|Drama
2283,8MM (1999),Thriller
1178,"Other Sister, The (1999)",Comedy|Drama|Romance
2668,Breakfast of Champions (1999),Comedy
3196,Eight Days a Week (1997),Comedy
3344,Just the Ticket (1999),Comedy|Romance
2781,"Long Goodbye, The (1973)",Crime
2145,"Ballad of Narayama, The (Narayama Bushiko) (1982)",Drama
2284,Pet Sematary (1989),Horror
3220,Pet Sematary II (1992),Horror
3020,Children of the Corn II: The Final Sacrifice (1993),Horror
2631,Children of the Corn III (1994),Horror
1355,Christine (1983),Horror
2048,Night Shift (1982),Comedy
1808,House on Haunted Hill (1958),Horror
1205,Airport (1970),Drama
3005,Airport 1975 (1974),Drama
3046,Airport '77 (1977),Drama
2820,Rollercoaster (1977),Drama|Thriller
1753,"Towering Inferno, The (1974)",Action|Drama
3198,Alligator (1980),Action|Horror|Sci-Fi
3203,Meteor (1979),Sci-Fi
679,Westworld (1973),Action|Sci-Fi|Thriller|Western
847,Logan's Run (1976),Action|Adventure|Sci-Fi
508,Planet of the Apes (1968),Action|Sci-Fi
1206,Beneath the Planet of the Apes (1970),Action|Sci-Fi
1811,Battle for the Planet of the Apes (1973),Action|Sci-Fi
1812,Conquest of the Planet of the Apes (1972),Action|Sci-Fi
1207,Escape from the Planet of the Apes (1971),Action|Sci-Fi
3007,Earthquake (1974),Action
3047,"Concorde: Airport '79, The (1979)",Drama
3284,Beyond the Poseidon Adventure (1979),Adventure
2988,Dancemaker (1998),Documentary
566,Analyze This (1999),Comedy
1168,"Corruptor, The (1999)",Action|Crime|Drama|Thriller
884,Cruel Intentions (1999),Drama
685,"Lock, Stock & Two Smoking Barrels (1998)",Comedy|Crime|Thriller
3527,Six Ways to Sunday (1997),Comedy
973,"School of Flesh, The (L' École de la chair) (1998)",Drama
3063,Relax... It's Just Sex (1998),Comedy
1919,"Deep End of the Ocean, The (1999)",Drama
2641,"Rage: Carrie 2, The (1999)",Horror
1766,Wing Commander (1999),Action|Sci-Fi
950,"Haunting, The (1963)",Horror|Thriller
2622,Dead Ringers (1988),Drama|Thriller
3026,My Boyfriend's Back (1993),Comedy
628,Village of the Damned (1960),Horror|Sci-Fi|Thriller
997,Children of the Damned (1963),Horror|Sci-Fi|Thriller
1635,Baby Geniuses (1999),Comedy
3095,I Stand Alone (Seul contre tous) (1998),Drama
2069,Forces of Nature (1999),Comedy|Romance
1636,"King and I, The (1999)",Animation|Children's
165,Ravenous (1999),Drama|Horror
1871,True Crime (1999),Crime|Thriller
3138,Bandits (1997),Drama
1002,"King and I, The (1956)",Musical
3111,Doug's 1st Movie (1999),Animation|Children's
590,EDtv (1999),Comedy
2683,"Mod Squad, The (1999)",Action|Crime
3371,Among Giants (1998),Drama|Romance
1968,"Walk on the Moon, A (1999)",Drama|Romance
88,"Matrix, The (1999)",Action|Sci-Fi|Thriller
621,10 Things I Hate About You (1999),Comedy|Romance
698,Tango (1998),Drama
2078,"Out-of-Towners, The (1999)",Comedy
1080,"Dreamlife of Angels, The (La Vie rêvée des anges) (1998)",Drama
2897,Metroland (1997),Comedy|Drama
3242,"Sticky Fingers of Time, The (1997)",Sci-Fi
2296,Following (1998),Drama
180,Go (1999),Crime
623,Never Been Kissed (1999),Comedy|Romance
1705,Twin Dragons (Shuang long hui) (1992),Action|Comedy
1501,Cookie's Fortune (1999),Mystery
2298,"Lovers of the Arctic Circle, The (Los Amantes del Círculo Polar) (1998)",Drama|Romance
2766,"Goodbye, Lover (1999)",Comedy|Crime|Thriller
2300,Life (1999),Comedy
2928,Friends & Lovers (1999),Comedy|Drama|Romance
2177,Hideous Kinky (1998),Drama
2903,"Monster, The (Il Mostro) (1994)",Comedy
2021,Open Your Eyes (Abre los ojos) (1997),Drama|Romance|Sci-Fi
1565,SLC Punk! (1998),Comedy|Drama
2337,Lost & Found (1999),Comedy|Romance
1390,Pushing Tin (1999),Comedy
186,Election (1999),Comedy
848,eXistenZ (1999),Action|Sci-Fi|Thriller
2287,Mighty Peking Man (Hsing hsing wang) (1977),Adventure|Sci-Fi
1164,Entrapment (1999),Crime|Thriller
1720,Idle Hands (1999),Comedy|Horror
2288,Get Real (1998),Drama
2289,"King of Masks, The (Bian Lian) (1996)",Drama
2225,Three Seasons (1999),Drama
2015,"Winslow Boy, The (1998)",Drama
1043,Mildred Pierce (1945),Drama
1366,Night of the Comet (1984),Action|Horror|Sci-Fi
2487,Chopping Mall (a.k.a. Killbots) (1986),Action|Horror|Sci-Fi
1813,My Science Project (1985),Adventure|Sci-Fi
745,Dick Tracy (1990),Action|Crime
530,"Mummy, The (1999)",Action|Adventure|Horror|Thriller
2663,"Castle, The (1997)",Comedy
2583,This Is My Father (1998),Drama|Romance
2017,Xiu Xiu: The Sent-Down Girl (Tian yu) (1998),Drama|Romance
339,"Midsummer Night's Dream, A (1999)",Comedy|Fantasy
3445,Trippin' (1999),Comedy
2291,After Life (1998),Drama
2292,Black Mask (Hak hap) (1996),Action
2258,Edge of Seventeen (1998),Comedy|Drama|Romance
2855,Endurance (1998),Documentary|Drama
692,Star Wars: Episode I - The Phantom Menace (1999),Action|Adventure|Fantasy|Sci-Fi
1688,"Love Letter, The (1999)",Comedy|Romance
2294,Besieged (L' Assedio) (1998),Drama
3183,"Saragossa Manuscript, The (Rekopis znaleziony w Saragossie) (1965)",Drama
1001,"Mummy, The (1932)",Horror|Romance
1814,"Mummy, The (1959)",Horror
1815,"Mummy's Curse, The (1944)",Horror
3444,"Mummy's Ghost, The (1944)",Horror
2994,"Mummy's Hand, The (1940)",Horror
751,"Mummy's Tomb, The (1942)",Horror
1374,Mommie Dearest (1981),Drama
367,Superman (1978),Action|Adventure|Sci-Fi
782,Superman II (1980),Action|Adventure|Sci-Fi
1756,Superman III (1983),Action|Adventure|Sci-Fi
2814,Superman IV: The Quest for Peace (1987),Action|Adventure|Sci-Fi
754,Dracula (1931),Horror
1816,Dracula (1958),Horror
1005,House of Dracula (1945),Horror
1006,House of Frankenstein (1944),Horror
757,Frankenstein (1931),Horror
1007,Son of Frankenstein (1939),Horror
1014,"Ghost of Frankenstein, The (1942)",Horror
2489,Frankenstein Meets the Wolf Man (1943),Horror
1817,"Curse of Frankenstein, The (1957)",Horror
3068,Son of Dracula (1943),Horror
2297,"Wolf Man, The (1941)",Horror
2490,Howling II: Your Sister Is a Werewolf (1985),Horror
2108,Tarantula (1955),Horror|Sci-Fi
379,"Rocky Horror Picture Show, The (1975)",Comedy|Horror|Musical|Sci-Fi
3317,"Flying Saucer, The (1950)",Sci-Fi
2155,It Came from Hollywood (1982),Comedy|Documentary
641,"Thing From Another World, The (1951)",Sci-Fi
642,It Came from Outer Space (1953),Sci-Fi
389,"War of the Worlds, The (1953)",Action|Sci-Fi|War
2685,It Came from Beneath the Sea (1955),Sci-Fi
643,Invasion of the Body Snatchers (1956),Horror|Sci-Fi
1819,Earth Vs. the Flying Saucers (1956),Sci-Fi
2109,It Conquered the World (1956),Sci-Fi
2737,"Mole People, The (1956)",Sci-Fi
1478,Swamp Thing (1982),Horror|Sci-Fi
1995,Pork Chop Hill (1959),War
1493,"Run Silent, Run Deep (1958)",War
863,Notting Hill (1999),Comedy|Romance
1790,"Thirteenth Floor, The (1999)",Drama|Sci-Fi|Thriller
2565,Eternity and a Day (Mia eoniotita ke mia mera ) (1998),Drama
2882,"Loss of Sexual Innocence, The (1999)",Drama
2947,Twice Upon a Yesterday (1998),Comedy|Drama|Romance
881,Instinct (1999),Drama|Thriller
1175,Buena Vista Social Club (1999),Documentary
2235,Desert Blue (1999),Drama
3335,Finding North (1999),Drama|Romance
1200,Free Enterprise (1998),Comedy|Romance|Sci-Fi
1095,Limbo (1999),Drama
553,Austin Powers: The Spy Who Shagged Me (1999),Comedy
2389,"Red Dwarf, The (Le Nain rouge) (1998)",Comedy|Drama
304,"Red Violin, The (Le Violon rouge) (1998)",Drama|Mystery
762,Tarzan (1999),Animation|Children's
1855,"General's Daughter, The (1999)",Drama|Thriller
2236,Get Bruce (1999),Documentary
1584,"Ideal Husband, An (1999)",Comedy
2984,"Legend of 1900, The (Leggenda del pianista sull'oceano) (1998)",Drama
35,Run Lola Run (Lola rennt) (1998),Action|Crime|Romance
436,Trekkies (1997),Documentary
599,Big Daddy (1999),Comedy
3522,"Boys, The (1997)",Drama
1904,"Dinner Game, The (Le Dîner de cons) (1998)",Comedy
1905,My Son the Fanatic (1998),Comedy|Drama|Romance
311,Arachnophobia (1990),Action|Comedy|Sci-Fi|Thriller
162,"South Park: Bigger, Longer and Uncut (1999)",Animation|Comedy
1695,Wild Wild West (1999),Action|Sci-Fi|Western
1118,Summer of Sam (1999),Drama
2885,"Lovers on the Bridge, The (Les Amants du Pont-Neuf) (1991)",Drama|Romance
3096,"Late August, Early September (Fin août, début septembre) (1998)",Drama
586,American Pie (1999),Comedy
587,Arlington Road (1999),Thriller
1074,"Autumn Tale, An (Conte d'automne) (1998)",Romance
878,Muppets From Space (1999),Children's|Comedy
1051,"Blair Witch Project, The (1999)",Horror
2230,My Life So Far (1999),Drama
828,Eyes Wide Shut (1999),Drama
2642,Lake Placid (1999),Horror|Thriller
2351,"Wood, The (1999)",Drama
3276,"Velocity of Gary, The (1998)",Comedy|Romance
369,Ghostbusters (1984),Comedy|Horror
370,Ghostbusters II (1989),Comedy|Horror
1378,Drop Dead Gorgeous (1999),Comedy
1192,"Haunting, The (1999)",Horror|Thriller
1640,Inspector Gadget (1999),Action|Adventure|Children's|Comedy
1866,Trick (1999),Romance
1126,Deep Blue Sea (1999),Action|Sci-Fi|Thriller
178,Mystery Men (1999),Action|Adventure|Comedy
622,Runaway Bride (1999),Comedy|Romance
1477,Twin Falls Idaho (1999),Drama
832,"Killing, The (1956)",Crime|Film-Noir
2926,Killer's Kiss (1955),Film-Noir
1382,Spartacus (1960),Drama
1535,Lolita (1962),Drama
2019,Barry Lyndon (1975),Drama
580,"400 Blows, The (Les Quatre cents coups) (1959)",Drama
1085,Jules and Jim (Jules et Jim) (1961),Drama
2913,Vibes (1988),Adventure|Comedy
1689,"Mosquito Coast, The (1986)",Drama
115,"Golden Child, The (1986)",Action|Adventure|Comedy
2516,Brighton Beach Memoirs (1986),Comedy
3290,Assassination (1987),Action
2770,Crimes of the Heart (1986),Comedy|Drama
710,"Color Purple, The (1985)",Drama
2654,"Kindred, The (1986)",Horror
1853,No Mercy (1986),Action|Thriller
3323,Native Son (1986),Drama
1479,Otello (1986),Drama
1854,"Mission, The (1986)",Drama
408,Little Shop of Horrors (1986),Comedy|Horror|Musical
983,"Little Shop of Horrors, The (1960)",Comedy|Horror
2833,Allan Quartermain and the Lost City of Gold (1987),Action|Adventure
2070,"Morning After, The (1986)",Drama|Mystery
1402,Radio Days (1987),Comedy|Drama
2457,From the Hip (1987),Comedy
647,Outrageous Fortune (1987),Comedy|Mystery
2822,"Bedroom Window, The (1987)",Thriller
2655,Deadtime Stories (1987),Horror
3277,Light of Day (1987),Drama
2914,Wanted: Dead or Alive (1987),Action
867,Frances (1982),Drama
3167,Plenty (1985),Drama
1566,Dick (1999),Comedy
2904,"Gambler, The (A Játékos) (1997)",Drama
624,"Iron Giant, The (1999)",Animation|Children's
30,"Sixth Sense, The (1999)",Thriller
1136,"Thomas Crown Affair, The (1999)",Action|Thriller
726,"Thomas Crown Affair, The (1968)",Crime|Drama|Thriller
3211,"Acid House, The (1998)",Comedy|Drama
556,"Adventures of Sebastian Cole, The (1998)",Comedy|Drama
2952,Illuminata (1998),Comedy
2308,Stiff Upper Lips (1998),Comedy
2309,"Yards, The (1999)",Crime|Mystery
155,Bowfinger (1999),Comedy
2418,Brokedown Palace (1999),Drama
1180,Detroit Rock City (1999),Comedy
2900,Alice and Martin (Alice et Martin) (1998),Drama
1144,Better Than Chocolate (1999),Comedy|Romance
3219,Head On (1998),Drama
3426,"Marcello Mastroianni: I Remember Yes, I Remember (1997)",Documentary
3384,Cobra (1925),Drama
2938,Never Talk to Strangers (1995),Thriller
1232,Heaven Can Wait (1978),Comedy
2493,"Raven, The (1963)",Comedy|Horror
2494,"Tingler, The (1959)",Horror
1548,Pit and the Pendulum (1961),Horror
3442,"Tomb of Ligeia, The (1965)",Horror
2495,"Masque of the Red Death, The (1964)",Horror
2696,Tales of Terror (1962),Horror
3258,Haunted Honeymoon (1986),Comedy
1422,Cat's Eye (1985),Horror
1454,And Now for Something Completely Different (1971),Comedy
1423,Damien: Omen II (1978),Horror
2824,"Final Conflict, The (a.k.a. Omen III: The Final Conflict) (1981)",Horror
12,Airplane! (1980),Comedy
1061,Airplane II: The Sequel (1982),Comedy
2521,"American Werewolf in Paris, An (1997)",Comedy|Horror
1062,European Vacation (1985),Comedy
560,Vacation (1983),Comedy
1063,Funny Farm (1988),Comedy
15,Big (1988),Comedy|Fantasy
2967,Problem Child (1990),Comedy
2842,Problem Child 2 (1991),Comedy
786,Little Nemo: Adventures in Slumberland (1992),Animation|Children's
2232,Oscar and Lucinda (a.k.a. Oscar & Lucinda) (1997),Drama|Romance
235,Tequila Sunrise (1988),Action|Romance|Thriller
1573,"Pelican Brief, The (1993)",Thriller
4,"Christmas Story, A (1983)",Comedy|Drama
1993,Mickey Blue Eyes (1999),Comedy|Romance
1830,Teaching Mrs. Tingle (1999),Comedy|Thriller
2973,Universal Soldier: The Return (1999),Action|Sci-Fi
1604,Universal Soldier (1992),Action|Sci-Fi
3333,Love Stinks (1999),Comedy
2594,Perfect Blue (1997),Animation|Mystery
3459,With Friends Like These... (1998),Comedy
2540,In Too Deep (1999),Action|Thriller
2985,"Source, The (1999)",Documentary
1574,Iron Eagle (1986),Action|War
2799,Iron Eagle II (1988),Action|War
2556,Aces: Iron Eagle III (1992),Action|War
3523,Iron Eagle IV (1995),Action|War
1542,Three Days of the Condor (1975),Thriller
1543,Hamlet (1964),Drama
3465,Male and Female (1919),Adventure|Drama
2338,Medicine Man (1992),Adventure|Romance
3433,"Spiders, The (Die Spinnen, 1. Teil: Der Goldene See) (1919)",Action|Drama
2159,On the Ropes (1999),Documentary
3086,Rosie (1998),Drama
423,"13th Warrior, The (1999)",Action|Horror|Thriller
1923,"Astronaut's Wife, The (1999)",Sci-Fi|Thriller
1647,Dudley Do-Right (1999),Children's|Comedy
2347,"Muse, The (1999)",Comedy|Drama
2161,Cabaret Balkan (Bure Baruta) (1998),Drama
3195,"Dog of Flanders, A (1999)",Drama
3363,Lucie Aubrac (1997),Romance|War
3319,"Very Thought of You, The (1998)",Comedy|Romance
3213,Chill Factor (1999),Action|Thriller
765,Outside Providence (1999),Comedy
2835,Bedrooms & Hallways (1998),Comedy|Romance
2417,West Beirut (West Beyrouth) (1998),Drama
603,Stigmata (1999),Thriller
604,Stir of Echoes (1999),Thriller
2986,Best Laid Plans (1999),Crime|Drama
2566,"Black Cat, White Cat (Crna macka, beli macor) (1998)",Comedy|Romance
2310,"Minus Man, The (1999)",Drama|Mystery
1214,"Adventures of Milo and Otis, The (1986)",Children's
2688,Only Angels Have Wings (1939),Drama
2689,Othello (1952),Drama
2676,Queens Logic (1991),Comedy|Drama
3089,Public Access (1993),Drama|Thriller
1419,Saturn 3 (1979),Adventure|Sci-Fi|Thriller
1030,"Soldier's Story, A (1984)",Drama
3245,"Communion (a.k.a. Alice, Sweet Alice/Holy Terror) (1977)",Horror
3491,Don't Look in the Basement! (1973),Horror
3267,Nightmares (1983),Horror
2449,I Saw What You Did (1965),Thriller
1278,Yellow Submarine (1968),Animation|Musical
73,American Beauty (1999),Comedy|Drama
2029,Stop Making Sense (1984),Documentary
769,Blue Streak (1999),Comedy
1690,For Love of the Game (1999),Comedy|Drama
2815,Caligula (1980),Drama
463,"Hard Day's Night, A (1964)",Comedy|Musical
2907,Splendor (1999),Comedy
2677,Sugar Town (1999),Comedy
1858,"Buddy Holly Story, The (1978)",Drama
1427,Fright Night (1985),Comedy|Horror
3263,Fright Night Part II (1989),Horror
3129,"Separation, The (La Séparation) (1994)",Drama
1553,Barefoot in the Park (1967),Comedy
134,Deliverance (1972),Adventure|Thriller
484,Excalibur (1981),Action|Drama|Fantasy|Romance
2883,Lulu on the Bridge (1998),Drama|Mystery|Romance
488,"Pajama Game, The (1957)",Comedy
1432,Sommersby (1993),Drama|Mystery|Romance
1832,Thumbelina (1994),Animation|Children's
1945,Tommy (1975),Drama|Musical
3314,Hell Night (1981),Horror
1683,Operation Condor (Feiying gaiwak) (1990),Action|Adventure|Comedy
1710,Operation Condor 2 (Longxiong hudi) (1990),Action|Adventure|Comedy
1711,Double Jeopardy (1999),Action|Thriller
1926,Jakob the Liar (1999),Drama
1911,Mumford (1999),Comedy
2710,Dog Park (1998),Comedy|Romance
2588,Guinevere (1999),Drama|Romance
3260,"Adventures of Elmo in Grouchland, The (1999)",Children's|Comedy
3365,Simon Sez (1999),Drama
1066,Drive Me Crazy (1999),Comedy|Romance
2355,"Mystery, Alaska (1999)",Comedy
191,Three Kings (1999),Drama|War
1483,"Happy, Texas (1999)",Comedy
3160,New Rose Hotel (1998),Action|Drama
2033,Plunkett & MaCleane (1999),Action|Drama
2794,Romance (1999),Drama|Romance
2777,Alvarez Kelly (1966),Western
2431,And the Ship Sails On (E la nave va) (1984),Comedy|War
2692,"Dark Half, The (1993)",Horror|Mystery
1742,Gulliver's Travels (1939),Adventure|Animation|Children's
2469,Monkey Shines (1988),Horror|Sci-Fi
652,Phantasm (1979),Horror|Sci-Fi
2892,Psycho II (1983),Horror|Thriller
3351,Psycho III (1986),Horror|Thriller
1737,Rain (1932),Drama
2080,Sanjuro (1962),Action|Adventure
902,Random Hearts (1999),Drama|Romance
1800,Superstar (1999),Comedy
215,Boys Don't Cry (1999),Drama
3530,"Five Wives, Three Secretaries and Me (1998)",Documentary
2719,"Grandfather, The (El Abuelo) (1998)",Drama
657,"Limey, The (1999)",Action|Crime|Drama
1568,"Mating Habits of the Earthbound Human, The (1998)",Comedy
3497,Molly (1999),Comedy|Drama
869,Risky Business (1983),Comedy
256,Total Recall (1990),Action|Adventure|Sci-Fi|Thriller
842,Body Heat (1981),Crime|Thriller
10,Ferris Bueller's Day Off (1986),Comedy
1415,Year of Living Dangerously (1982),Drama|Romance
582,Children of Paradise (Les enfants du paradis) (1945),Drama|Romance
1680,High Plains Drifter (1972),Western
2635,Hang 'em High (1967),Western
3124,Citizen's Band (a.k.a. Handle with Care) (1977),Comedy
1681,Drunken Master (Zui quan) (1979),Action|Comedy
2553,"Conformist, The (Il Conformista) (1970)",Drama
1101,Hairspray (1988),Comedy|Drama
1699,Brief Encounter (1946),Drama|Romance
1857,"Razor's Edge, The (1984)",Drama
1581,Reds (1981),Drama
3348,Return with Honor (1998),Documentary
2718,Time of the Gypsies (Dom za vesanje) (1989),Drama
1102,Days of Heaven (1978),Drama
2569,"Fire Within, The (Le Feu Follet) (1963)",Drama
3031,"Love Bewitched, A (El Amor Brujo) (1986)",Musical
988,"Lady Eve, The (1941)",Comedy|Romance
1740,Sullivan's Travels (1942),Comedy
1741,"Palm Beach Story, The (1942)",Comedy
2314,Man Facing Southeast (Hombre Mirando al Sudeste) (1986),Drama
1550,Niagara (1953),Drama|Thriller
1551,Gilda (1946),Film-Noir
1033,South Pacific (1958),Musical|Romance|War
1969,Flashdance (1983),Drama|Romance
108,Indochine (1992),Drama|Romance
963,"Dirty Dozen, The (1967)",Action|War
3234,Mike's Murder (1984),Mystery
1279,Help! (1965),Comedy|Musical
146,Goldfinger (1964),Action
491,From Russia with Love (1963),Action
774,Dr. No (1962),Action
1576,"Blue Lagoon, The (1980)",Adventure|Drama|Romance
139,"Fistful of Dollars, A (1964)",Action|Western
1436,"Hard 8 (a.k.a. Sydney, a.k.a. Hard Eight) (1996)",Crime|Thriller
1651,Home Alone 2: Lost in New York (1992),Children's|Comedy
3406,Penitentiary II (1982),Drama
1437,Someone to Watch Over Me (1987),Action|Crime|Thriller
187,Fight Club (1999),Drama
3510,Beefcake (1999),Drama
1210,"Story of Us, The (1999)",Comedy|Drama
3285,Fever Pitch (1997),Comedy|Romance
2248,Joe the King (1999),Crime|Drama
3296,Julien Donkey-Boy (1999),Drama
2630,"Omega Code, The (1999)",Action
241,"Straight Story, The (1999)",Drama
516,"Bad Seed, The (1956)",Drama|Thriller
517,Time Bandits (1981),Adventure|Fantasy|Sci-Fi
1107,"Man and a Woman, A (Un Homme et une Femme) (1966)",Drama|Romance
2168,Fitzcarraldo (1982),Adventure|Drama
1673,All That Jazz (1979),Musical
1166,Red Sorghum (Hong Gao Liang) (1987),Drama|War
1167,Crimes and Misdemeanors (1989),Comedy
3207,Bats (1999),Horror|Thriller
626,"Best Man, The (1999)",Drama
781,Bringing Out the Dead (1999),Drama|Horror
3197,Crazy in Alabama (1999),Comedy|Drama
2552,Three to Tango (1999),Comedy|Romance
1590,Body Shots (1999),Drama
3012,"Brother, Can You Spare a Dime? (1975)",Documentary
3281,"Guardian, The (1990)",Horror|Thriller
1046,"Ipcress File, The (1965)",Thriller
3216,On Any Sunday (1971),Documentary
690,Robocop (1987),Action|Crime|Sci-Fi
1209,Robocop 2 (1990),Action|Crime|Sci-Fi
148,Who Framed Roger Rabbit? (1988),Adventure|Animation|Film-Noir
2085,Melvin and Howard (1980),Drama
691,For Your Eyes Only (1981),Action
1722,Licence to Kill (1989),Action
749,Live and Let Die (1973),Action
2476,Rawhead Rex (1986),Horror|Thriller
694,Thunderball (1965),Action
2202,"City, The (1998)",Drama
2198,"House on Haunted Hill, The (1999)",Horror
2105,Music of the Heart (1999),Drama
161,Being John Malkovich (1999),Comedy
3100,Dreaming of Joseph Lees (1998),Romance
2372,Man of the Century (1999),Comedy
785,"Princess Mononoke, The (Mononoke Hime) (1997)",Action|Adventure|Animation
2132,My Best Fiend (Mein liebster Feind) (1999),Documentary
3116,Train of Life (Train De Vie) (1998),Comedy|Drama
1313,"Bachelor, The (1999)",Comedy|Romance
591,"Bone Collector, The (1999)",Thriller
631,"Insider, The (1999)",Drama
1563,American Movie (1999),Documentary
2204,Last Night (1998),Thriller
2748,Rosetta (1999),Drama
1511,"They Shoot Horses, Don't They? (1969)",Drama
3354,Battling Butler (1926),Comedy
2478,Bride of Re-Animator (1990),Comedy|Horror
2735,Bustin' Loose (1981),Comedy
1513,Coma (1978),Thriller
174,Creepshow (1982),Horror
2479,Creepshow 2 (1987),Horror
1320,Re-Animator (1985),Horror
1010,Drugstore Cowboy (1989),Crime|Drama
1299,Falling Down (1993),Action|Drama
2481,"Funhouse, The (1981)",Horror
978,"General, The (1927)",Comedy
1804,Piranha (1978),Horror|Sci-Fi
2871,Rough Night in Jericho (1967),Western
3529,Slaughterhouse (1987),Horror
979,"Taming of the Shrew, The (1967)",Comedy
1772,Nighthawks (1981),Action|Drama
54,Yojimbo (1961),Comedy|Drama|Western
3110,Repossessed (1990),Comedy
834,"Omega Man, The (1971)",Sci-Fi
581,Spaceballs (1987),Comedy|Sci-Fi
393,Robin Hood (1973),Animation|Children's
55,Mister Roberts (1955),Comedy|Drama|War
2071,Quest for Fire (1981),Adventure
396,Little Big Man (1970),Comedy|Drama|Western
2138,"Face in the Crowd, A (1957)",Drama
398,Trading Places (1983),Comedy
1717,Meatballs (1979),Comedy
3376,Meatballs Part II (1984),Comedy
3373,Meatballs III (1987),Comedy
3032,Meatballs 4 (1992),Comedy
1213,Dead Again (1991),Mystery|Romance|Thriller
1335,Peter's Friends (1992),Comedy|Drama
2374,"Incredibly True Adventure of Two Girls in Love, The (1995)",Comedy|Romance
2423,Experience Preferred... But Not Essential (1982),Drama
2709,Under the Rainbow (1981),Comedy
1453,How I Won the War (1967),Comedy|War
2416,Light It Up (1999),Drama
1842,Anywhere But Here (1999),Drama
802,Dogma (1999),Comedy
1770,"Messenger: The Story of Joan of Arc, The (1999)",Drama|War
2274,Pokémon: The First Movie (1998),Animation|Children's
2011,Felicia's Journey (1999),Thriller
3145,Oxygen (1999),Thriller
3350,Where's Marlowe? (1999),Comedy
3339,"Ape, The (1940)",Horror|Sci-Fi
1099,"Commitments, The (1991)",Comedy|Drama
1487,Holiday Inn (1942),Comedy|Musical
961,"Longest Day, The (1962)",Action|Drama|War
1339,Poison Ivy (1992),Thriller
1914,Poison Ivy: New Seduction (1997),Thriller
3429,Ten Benny (1997),Drama
1141,Tora! Tora! Tora! (1970),War
1340,Women on the Verge of a Nervous Breakdown (1988),Comedy|Drama
46,"Verdict, The (1982)",Drama
1583,"Effect of Gamma Rays on Man-in-the-Moon Marigolds, The (1972)",Drama
660,"Adventures of Buckaroo Bonzai Across the 8th Dimension, The (1984)",Adventure|Comedy|Sci-Fi
58,Stand and Deliver (1987),Drama
228,Moonstruck (1987),Comedy
1876,"Sandpiper, The (1965)",Drama|Romance
229,Jeremiah Johnson (1972),Western
2141,Repulsion (1965),Thriller
2186,Irma la Douce (1963),Comedy
2014,42 Up (1998),Documentary
1344,Liberty Heights (1999),Drama
994,Mansfield Park (1999),Drama
583,Sleepy Hollow (1999),Horror|Romance
768,"World Is Not Enough, The (1999)",Action|Thriller
170,All About My Mother (Todo Sobre Mi Madre) (1999),Comedy|Drama
3503,Home Page (1999),Documentary
3239,"Living Dead Girl, The (La Morte Vivante) (1982)",Horror
457,March of the Wooden Soldiers (a.k.a. Laurel & Hardy in Toyland) (1934),Comedy
458,Scrooged (1988),Comedy
986,Harvey (1950),Comedy
1489,"Bicycle Thief, The (Ladri di biciclette) (1948)",Drama
2144,Matewan (1987),Drama
1103,Kagemusha (1980),Drama|War
1351,Chushingura (1962),Drama
2194,McCabe & Mrs. Miller (1971),Drama|Western
1934,Maurice (1987),Drama|Romance
105,"Grapes of Wrath, The (1940)",Drama
989,My Man Godfrey (1957),Comedy
475,"Shop Around the Corner, The (1940)",Comedy|Romance
916,"Natural, The (1984)",Drama
1236,Shampoo (1975),Comedy|Romance
1327,"River Runs Through It, A (1992)",Drama
894,Fatal Attraction (1987),Thriller
959,Jagged Edge (1985),Thriller
2041,Stanley & Iris (1990),Drama|Romance
833,Midnight Run (1988),Action|Adventure|Comedy|Crime
14,Awakenings (1990),Drama
2869,Come See the Paradise (1990),Drama|Romance
291,Backdraft (1991),Action|Drama
394,"Fisher King, The (1991)",Comedy|Drama|Romance
1840,"River, The (1984)",Drama
1019,Country (1984),Drama
1841,Places in the Heart (1984),Drama
1582,'Night Mother (1986),Drama
598,End of Days (1999),Action|Thriller
42,Toy Story 2 (1999),Animation|Children's|Comedy
2209,Flawless (1999),Drama
3356,Miss Julie (1999),Drama
2009,Ride with the Devil (1999),Drama|Romance|War
2210,Tumbleweeds (1999),Drama
2378,"Distinguished Gentleman, The (1992)",Comedy
2519,"Hitch-Hiker, The (1953)",Film-Noir
3099,Santa Fe Trail (1940),Drama|Romance|Western
1594,Agnes Browne (1999),Comedy|Drama
1861,"End of the Affair, The (1999)",Drama
3050,"End of the Affair, The (1955)",Drama
2170,Holy Smoke (1999),Drama
2211,"Map of the World, A (1999)",Drama
555,Sweet and Lowdown (1999),Comedy|Drama
3209,Bonfire of the Vanities (1990),Comedy
3154,Broadway Damage (1997),Comedy
1875,Daddy Long Legs (1919),Comedy
2543,Go West (1925),Comedy
1486,"Grand Illusion (Grande illusion, La) (1937)",Drama|War
1963,"Great Santini, The (1979)",Drama
3327,"James Dean Story, The (1957)",Documentary
2848,"Sea Wolves, The (1980)",Action|War
2397,Stealing Home (1988),Drama
2838,Tarzan the Fearless (1933),Action|Adventure
2861,"Three Ages, The (1923)",Comedy
1704,"Two Jakes, The (1990)",Drama
1147,U2: Rattle and Hum (1988),Documentary|Musical
2721,Hell in the Pacific (1968),Drama|War
2185,"Glass Bottom Boat, The (1966)",Comedy|Romance
2172,"Cradle Will Rock, The (1999)",Drama
2278,Deuce Bigalow: Male Gigolo (1999),Comedy
61,"Green Mile, The (1999)",Drama|Thriller
557,"Cider House Rules, The (1999)",Drama
2365,Diamonds (1999),Mystery
2257,"War Zone, The (1999)",Drama
913,"Last Picture Show, The (1971)",Drama
1347,"7th Voyage of Sinbad, The (1958)",Action|Adventure|Fantasy
3030,Blood on the Sun (1945),Drama|War
456,Anna and the King (1999),Drama|Romance
664,Bicentennial Man (1999),Comedy|Drama|Sci-Fi
1571,Stuart Little (1999),Children's|Comedy
2280,"Emperor and the Assassin, The (Jing ke ci qin wang) (1999)",Drama
1171,Fantasia 2000 (1999),Animation|Children's|Musical
561,Magnolia (1999),Drama
2382,Onegin (1999),Drama
2344,Simpatico (1999),Comedy|Drama
175,Topsy-Turvy (1999),Drama
3488,"Alley Cats, The (1968)",Drama
2970,Boiling Point (1993),Action|Drama
1577,Carnal Knowledge (1971),Drama
131,Easy Rider (1969),Adventure|Drama
2037,"Falcon and the Snowman, The (1984)",Drama
2439,Room at the Top (1959),Drama
3427,Ulysses (Ulisse) (1954),Adventure
920,Any Given Sunday (1999),Drama
495,Man on the Moon (1999),Comedy|Drama
496,Galaxy Quest (1999),Adventure|Comedy|Sci-Fi
610,"Talented Mr. Ripley, The (1999)",Drama|Mystery|Thriller
2104,Next Friday (1999),Comedy
563,"Hurricane, The (1999)",Drama
1358,Angela's Ashes (1999),Drama
3343,Play it to the Bone (1999),Comedy|Drama
2286,Titus (1999),Drama
1896,Mr. Death: The Rise and Fall of Fred A. Leuchter Jr. (1999),Documentary
2580,"Third Miracle, The (1999)",Drama
3328,Montana (1998),Action|Comedy|Crime|Drama
1685,Snow Falling on Cedars (1999),Drama
23,"Girl, Interrupted (1999)",Drama
2405,Trans (1998),Drama
2149,"Life and Times of Hank Greenberg, The (1998)",Documentary
511,My Dog Skip (1999),Comedy
3307,Supernova (2000),Adventure|Sci-Fi
2150,"Terrorist, The (Malli) (1998)",Drama
519,"Way We Were, The (1973)",Drama
1165,Stalag 17 (1953),Drama|War
1530,"Presidio, The (1988)",Action
1364,Papillon (1973),Drama
2075,Pal Joey (1957),Comedy|Musical|Romance
1520,"Last Detail, The (1973)",Comedy|Drama
1521,Five Easy Pieces (1970),Drama
1950,Dead Calm (1989),Thriller
1024,"Boys from Brazil, The (1978)",Thriller
3140,Black Sunday (La Maschera Del Demonio) (1960),Horror
904,Against All Odds (1984),Romance
3375,"Snows of Kilimanjaro, The (1952)",Adventure
1300,Loaded Weapon 1 (1993),Action|Comedy
870,Fast Times at Ridgemont High (1982),Comedy
1893,"Cry in the Dark, A (1988)",Drama
1146,Batman: Mask of the Phantasm (1993),Animation|Children's
2727,American Flyers (1985),Drama
2436,Voyage of the Damned (1976),Drama
3292,Vampyros Lesbos (Las Vampiras) (1970),Horror
2425,"Star Is Born, A (1937)",Drama
2997,Poison (1991),Drama
1771,Pacific Heights (1990),Thriller
2426,"Draughtsman's Contract, The (1982)",Drama
2438,Carmen (1984),Drama
2998,"Zed & Two Noughts, A (1985)",Drama
1488,Woman in the Dunes (Suna no onna) (1964),Drama
2548,Down to You (2000),Comedy|Romance
3472,Another Man's Poison (1952),Crime|Drama
1032,"Odessa File, The (1974)",Thriller
2886,Seven Chances (1925),Comedy
3424,Smashing Time (1967),Comedy
2189,Where the Buffalo Roam (1980),Comedy
3447,Zachariah (1971),Western
1788,Eye of the Beholder (1999),Thriller
2945,Isn't She Great? (2000),Comedy
2975,"Big Tease, The (1999)",Comedy
2220,"Cup, The (Phörpa) (1999)",Comedy
3416,Santitos (1997),Comedy
2459,Encino Man (1992),Comedy
1036,"Goodbye Girl, The (1977)",Comedy|Romance
2285,I Am Cuba (Soy Cuba/Ya Kuba) (1964),Drama
288,Malcolm X (1992),Drama
494,Sister Act (1992),Comedy|Crime
2462,Sister Act 2: Back in the Habit (1993),Comedy
1357,"Hand That Rocks the Cradle, The (1992)",Thriller
1455,Alive (1993),Drama
1219,Agnes of God (1985),Drama|Mystery
739,Scent of a Woman (1992),Drama
332,Wayne's World (1992),Comedy
875,Wayne's World 2 (1993),Comedy
65,"League of Their Own, A (1992)",Comedy|Drama
263,Patriot Games (1992),Action|Thriller
924,"Bodyguard, The (1992)",Action|Drama|Romance|Thriller
2603,Death Becomes Her (1992),Comedy
294,Far and Away (1992),Drama|Romance
198,Howards End (1992),Drama
926,Singles (1992),Comedy|Drama|Romance
2116,Twin Peaks: Fire Walk with Me (1992),Drama|Mystery
927,White Men Can't Jump (1992),Comedy
780,Buffy the Vampire Slayer (1992),Comedy|Horror
301,Hard-Boiled (Lashou shentan) (1992),Action|Crime
1363,Man Bites Dog (C'est arrivé près de chez vous) (1992),Action|Comedy|Crime|Drama
205,"Mariachi, El (1992)",Action|Thriller
1754,Stop! Or My Mom Will Shoot (1992),Action|Comedy
743,Forever Young (1992),Adventure|Romance|Sci-Fi
1367,"Cutting Edge, The (1992)",Drama
1044,Of Mice and Men (1992),Drama
2409,Bad Lieutenant (1992),Crime|Drama
1270,Scream 3 (2000),Horror|Mystery|Thriller
1302,Single White Female (1992),Action
2016,"Boondock Saints, The (1999)",Action|Comedy
2628,Gun Shy (2000),Comedy
3300,Beloved/Friend (Amigo/Amado) (1999),Drama
1243,"Baby, The (1973)",Horror
2176,"Brandon Teena Story, The (1998)",Documentary
1663,Different for Girls (1996),Comedy
3345,Minnie and Moskowitz (1971),Action
1222,They Might Be Giants (1971),Comedy|Romance
1368,"Beach, The (2000)",Adventure|Drama
2520,Snow Day (2000),Comedy
2787,"Tigger Movie, The (2000)",Animation|Children's
3329,Cotton Mary (1999),Drama
2557,Not One Less (Yi ge dou bu neng shao) (1999),Drama
1967,"Big Combo, The (1955)",Film-Noir
2675,Conceiving Ada (1997),Drama|Sci-Fi
3172,Eaten Alive (1976),Horror
3301,Raining Stones (1993),Drama
351,To Sir with Love (1967),Drama
319,Boiler Room (2000),Drama
2550,Hanging Up (2000),Comedy|Drama
667,Pitch Black (2000),Action|Sci-Fi
1154,"Whole Nine Yards, The (2000)",Comedy|Crime
2047,Beautiful People (1999),Comedy
3222,Black Tar Heroin: The Dark End of the Street (1999),Documentary
2512,Blue Collar (1978),Crime|Drama
3174,Bluebeard (1944),Film-Noir|Horror
2950,"Circus, The (1928)",Comedy
1350,City Lights (1931),Comedy|Drama|Romance
915,"Flamingo Kid, The (1984)",Comedy|Drama
2956,"Dog's Life, A (1920)",Comedy
2544,"Kid, The (1921)",Action
3189,"Man from Laramie, The (1955)",Western
3274,Class Reunion (1982),Comedy
2839,"Big Trees, The (1952)",Action|Drama
1684,Reindeer Games (2000),Action|Thriller
1527,Wonder Boys (2000),Comedy|Drama
2578,Deterrence (1998),Thriller
2987,Judy Berlin (1999),Drama
2221,Mifune (Mifunes sidste sang) (1999),Comedy|Romance
3380,3 Strikes (2000),Comedy
1691,Drowning Mona (2000),Comedy
2889,"Next Best Thing, The (2000)",Comedy|Drama
1361,What Planet Are You From? (2000),Comedy|Sci-Fi
2124,Beyond the Mat (2000),Documentary
1473,Ghost Dog: The Way of the Samurai (1999),Crime|Drama
2148,"Year My Voice Broke, The (1987)",Drama
1529,Splendor in the Grass (1961),Drama
3246,My Tutor (1983),Drama
3006,"Killing of Sister George, The (1968)",Drama
82,Key Largo (1948),Crime|Drama|Film-Noir|Thriller
3119,Jail Bait (1954),Crime|Drama
3474,I'll Never Forget What's 'is Name (1967),Comedy|Drama
2564,For All Mankind (1989),Documentary
2503,Cross of Iron (1977),War
1042,Bride of the Monster (1956),Horror|Sci-Fi
992,Born Yesterday (1950),Comedy
1365,Birdy (1984),Drama|War
3275,And God Created Woman (1988),Comedy|Drama|Romance
3414,Blood Feast (1963),Horror
2742,"Charlie, the Lonesome Cougar (1967)",Adventure|Children's
3008,Color Me Blood Red (1965),Horror
531,Never Cry Wolf (1983),Drama
3166,"Perils of Pauline, The (1947)",Comedy
1532,"Raisin in the Sun, A (1961)",Drama
2488,Two Thousand Maniacs! (1964),Horror
3320,"Closer You Get, The (2000)",Comedy|Romance
1789,Mission to Mars (2000),Sci-Fi
2414,"Ninth Gate, The (2000)",Thriller
2093,East-West (Est-ouest) (1999),Drama|Romance
340,Defending Your Life (1991),Comedy|Romance
1072,Breaking Away (1979),Drama
887,Hoosiers (1986),Drama
854,Bull Durham (1988),Comedy
1000,Dog Day Afternoon (1975),Comedy|Crime|Drama
348,American Graffiti (1973),Comedy|Drama
935,"Asphalt Jungle, The (1950)",Crime|Film-Noir
1075,"Searchers, The (1956)",Western
1885,Where Eagles Dare (1969),Action|Adventure|War
3334,"Devil's Brigade, The (1968)",War
2722,"Big Country, The (1958)",Romance|Western
1775,Betrayed (1988),Drama|Thriller
2441,Bound for Glory (1976),Drama
2523,"Bridge at Remagen, The (1969)",Action|War
3521,Daughters of the Dust (1992),Drama
633,Destination Moon (1950),Sci-Fi
3476,Hangmen Also Die (1943),Drama|War
3484,"Ogre, The (Der Unhold) (1996)",Drama
2152,On the Beach (1959),Drama
3178,Railroaded! (1947),Film-Noir
3417,Slaves to the Underground (1997),Comedy|Drama
3518,Song of Freedom (1936),Drama
1773,"Taking of Pelham One Two Three, The (1974)",Action
1992,Volunteers (1985),Comedy
378,JFK (1991),Drama|Mystery
2387,Who's Harry Crumb? (1989),Comedy
2182,Harry and the Hendersons (1987),Comedy
2880,Let's Get Harry (1986),Action|Adventure
3236,Shanghai Surprise (1986),Adventure
2183,Who's That Girl? (1987),Comedy
2790,She-Devil (1989),Comedy
1388,Date with an Angel (1987),Comedy|Fantasy
1994,Blind Date (1987),Comedy|Romance
2821,Nadine (1987),Comedy
711,"Muppet Movie, The (1979)",Children's|Comedy
712,"Great Muppet Caper, The (1981)",Children's|Comedy
713,"Muppets Take Manhattan, The (1984)",Children's|Comedy
714,Sesame Street Presents Follow That Bird (1985),Children's|Comedy
1631,We're Back! A Dinosaur's Story (1993),Animation|Children's
2830,Baby... Secret of the Lost Legend (1985),Adventure|Sci-Fi
2999,Turtle Diary (1985),Drama
1810,Raise the Titanic (1980),Drama|Thriller
1273,Titanic (1953),Action|Drama
966,"Night to Remember, A (1958)",Action|Drama
1190,Captain Horatio Hornblower (1951),Action|Adventure|War
1,Erin Brockovich (2000),Drama
1292,Final Destination (2000),Drama|Thriller
2716,Soft Fruit (1999),Comedy|Drama
1935,"Bear, The (1988)",Adventure
3454,Impact (1949),Crime|Drama
2590,Love Is a Many-Splendored Thing (1955),Romance
2064,"Mirror, The (Zerkalo) (1975)",Drama
1898,"Trial, The (Le Procès) (1963)",Drama
684,"Crimson Pirate, The (1952)",Adventure|Comedy|Sci-Fi
103,Thelma & Louise (1991),Action|Drama
3182,Something for Everyone (1970),Comedy|Crime
1966,...And Justice for All (1979),Drama|Thriller
112,Animal House (1978),Comedy
2077,She's Gotta Have It (1986),Comedy|Romance
1899,School Daze (1988),Drama
853,Do the Right Thing (1989),Comedy|Drama
2175,Mo' Better Blues (1990),Drama
1900,Jungle Fever (1991),Drama|Romance
2991,Coogan's Bluff (1968),Crime
2769,"Champ, The (1979)",Drama
1460,Creature Comforts (1990),Animation|Comedy
1988,Death Wish (1974),Action|Drama
2954,Death Wish II (1982),Action|Drama
3385,Death Wish 3 (1985),Action|Drama
1989,Death Wish 4: The Crackdown (1987),Action|Drama
2840,Death Wish V: The Face of Death (1994),Action|Drama
826,Double Indemnity (1944),Crime|Film-Noir
1921,Dying Young (1991),Drama|Romance
3287,Cool as Ice (1991),Drama
1600,Teenage Mutant Ninja Turtles (1990),Action|Children's|Fantasy
1601,Teenage Mutant Ninja Turtles II: The Secret of the Ooze (1991),Action|Children's|Fantasy
1755,Teenage Mutant Ninja Turtles III (1993),Action|Children's|Fantasy
891,Red Dawn (1984),Action|War
3298,Band of the Hand (1986),Action
3386,Born American (1986),Action|Drama|Thriller
1602,Bloodsport (1988),Action
2776,Eyes of Laura Mars (1978),Mystery|Thriller
2533,Funny Bones (1995),Comedy
372,"Good Earth, The (1937)",Drama
546,"Good Morning, Vietnam (1987)",Comedy|Drama|War
2887,"Good Mother, The (1988)",Drama
1052,Grumpy Old Men (1993),Comedy
104,Guess Who's Coming to Dinner (1967),Comedy|Drama
1660,Romeo Must Die (2000),Action|Romance
2262,Here on Earth (2000),Drama|Romance
2263,Whatever It Takes (2000),Comedy|Romance
2154,"Color of Paradise, The (Rang-e Khoda) (1999)",Drama
2254,Waking the Dead (1999),Drama
2747,Gothic (1986),Drama|Horror
596,Lord of the Flies (1963),Adventure|Drama|Thriller
980,Modern Times (1936),Comedy
1387,Solar Crisis (1993),Sci-Fi|Thriller
3265,That's Life! (1986),Drama
390,Heart and Souls (1993),Comedy|Fantasy
1086,Hud (1963),Drama|Western
51,"Hustler, The (1961)",Drama
938,Inherit the Wind (1960),Drama
2065,Dersu Uzala (1974),Adventure|Drama
68,Close Encounters of the Third Kind (1977),Drama|Sci-Fi
1940,Jonah Who Will Be 25 in the Year 2000 (1976),Comedy
2508,Retroactive (1997),Sci-Fi|Thriller
2130,"Place in the Sun, A (1951)",Drama|Romance
1395,Jacob's Ladder (1990),Horror|Mystery|Thriller
2022,Empire Records (1995),Comedy|Drama
2117,"Bamba, La (1987)",Drama
576,Ladyhawke (1985),Adventure|Fantasy|Romance
1134,Lucas (1986),Drama
303,High Fidelity (2000),Comedy
3045,Price of Glory (2000),Drama
1645,"Road to El Dorado, The (2000)",Animation|Children's
1296,"Skulls, The (2000)",Thriller
3118,Devil Girl From Mars (1954),Sci-Fi
2446,"Dorado, El (1967)",Western
3443,"Hideous Sun Demon, The (1959)",Horror|Sci-Fi
426,Hook (1991),Adventure|Fantasy
2687,Horror Express (1972),Horror
1822,My Chauffeur (1986),Comedy
3074,"Son of the Sheik, The (1926)",Adventure
727,True Grit (1969),Adventure|Western
2960,Roadside Prophets (1992),Comedy|Drama
2390,Madame Sousatzka (1988),Drama
1856,Max Dugan Returns (1983),Comedy
1023,Midnight Express (1978),Drama
601,Misery (1990),Horror
345,Mr. Saturday Night (1992),Comedy|Drama
227,Murphy's Romance (1985),Comedy|Romance
885,My Life (1993),Drama
630,Solaris (Solyaris) (1972),Drama|Sci-Fi
1117,Network (1976),Comedy|Drama
825,No Way Out (1987),Thriller
886,North Dallas Forty (1979),Comedy|Drama
974,"Odd Couple, The (1968)",Comedy
1533,"Outlaw Josey Wales, The (1976)",Western
1373,Black and White (1999),Drama
593,Frequency (2000),Drama|Thriller
2126,Ready to Rumble (2000),Comedy
1123,Return to Me (2000),Drama|Romance
1687,Rules of Engagement (2000),Drama|Thriller
2515,Joe Gould's Secret (2000),Drama
1872,Me Myself I (2000),Comedy
976,"Bell, Book and Candle (1958)",Comedy|Romance
3215,"Bells, The (1926)",Crime|Drama
1873,"End of Violence, The (1997)",Drama|Thriller
1195,Force 10 from Navarone (1978),Action|War
2875,How to Stuff a Wild Bikini (1965),Comedy
1779,Mystery Train (1989),Comedy|Crime|Drama
3469,Sacco and Vanzetti (Sacco e Vanzetti) (1971),Drama
3289,Taffin (1988),Action|Thriller
977,Arthur (1981),Comedy|Romance
1127,Bachelor Party (1984),Comedy
794,Parenthood (1989),Comedy|Drama
637,Predator (1987),Action|Sci-Fi|Thriller
284,"Prince of Tides, The (1991)",Drama|Romance
1851,"Postman Always Rings Twice, The (1981)",Crime|Thriller
3520,Smoking/No Smoking (1993),Comedy
2899,All the Vermeers in New York (1990),Comedy|Drama|Romance
2301,Freedom for Us (À nous la liberté ) (1931),Comedy
3438,"Actor's Revenge, An (Yukinojo Henge) (1963)",Drama
236,28 Days (2000),Comedy
1961,American Psycho (2000),Comedy|Horror|Thriller
237,Keeping the Faith (2000),Comedy|Romance
2989,Where the Money Is (2000),Comedy|Drama
1939,East is East (1999),Comedy
1958,"Filth and the Fury, The (2000)",Documentary
2054,Passion of Mind (1999),Romance|Thriller
3125,Coming Apart (1969),Drama
897,Diner (1982),Comedy|Drama
2507,Shakes the Clown (1991),Comedy
1492,Cabaret (1972),Musical|War
1018,What Ever Happened to Baby Jane? (1962),Drama|Thriller
2158,Prick Up Your Ears (1987),Drama
953,Auntie Mame (1958),Comedy|Drama
1090,Guys and Dolls (1955),Musical
1401,"Hunger, The (1983)",Horror
1133,Marathon Man (1976),Thriller
128,Caddyshack (1980),Comedy
1295,Gossip (2000),Drama|Thriller
970,Love and Basketball (2000),Drama|Romance
1199,U-571 (2000),Action|Thriller
993,"Virgin Suicides, The (1999)",Comedy|Drama
1404,Jennifer 8 (1992),Thriller
2160,Limelight (1952),Drama
2978,Committed (2000),Comedy|Drama
3485,"Crow: Salvation, The (2000)",Action|Horror
2937,"Flintstones in Viva Rock Vegas, The (2000)",Children's|Comedy
254,Where the Heart Is (2000),Comedy|Drama
1097,"Big Kahuna, The (2000)",Comedy|Drama
2025,Bossa Nova (1999),Comedy
2990,Smiling Fish and Goat on Fire (1999),Drama
2505,"Idiots, The (Idioterne) (1998)",Comedy|Drama
2953,"Last September, The (1999)",Drama
1414,Time Code (2000),Drama
2492,Carnosaur (1993),Horror|Sci-Fi
3278,Carnosaur 2 (1995),Horror|Sci-Fi
2916,Defying Gravity (1997),Drama
658,"Hidden, The (1987)",Action|Horror|Sci-Fi
2679,Two Moon Juction (1988),Drama
53,Gladiator (2000),Action|Drama
1924,I Dreamed of Africa (2000),Drama
3104,Up at the Villa (2000),Drama
2055,Human Traffic (1999),Drama
911,Breathless (1983),Action|Drama|Romance|Thriller
2001,"Great Locomotive Chase, The (1956)",Adventure|War
2443,"Idolmaker, The (1980)",Drama
2859,Inferno (1980),Horror
2958,"King of Marvin Gardens, The (1972)",Crime|Drama
2881,"Lords of Flatbush, The (1974)",Comedy
462,Mr. Mom (1983),Comedy|Drama
3446,Time Masters (Les Maîtres du Temps) (1982),Animation|Sci-Fi
464,Battlefield Earth (2000),Action|Sci-Fi
1060,Center Stage (2000),Drama
3360,Held Up (2000),Comedy
770,Screwed (2000),Comedy
3060,Whipped (2000),Comedy
2084,Hamlet (2000),Drama
2447,Anchors Aweigh (1945),Comedy|Musical
1385,Blue Hawaii (1961),Comedy|Musical
3217,"Castaway Cowboy, The (1974)",Comedy|Western
3044,G. I. Blues (1960),Musical
3461,"Gay Deceivers, The (1969)",Comedy
234,Gypsy (1962),Musical
1386,King Creole (1958),Drama|Musical
1665,On the Town (1949),Musical
3528,One Little Indian (1973),Comedy|Drama|Western
550,Pee-wee's Big Adventure (1985),Comedy
3422,Regret to Inform (1998),Documentary
2874,Roustabout (1964),Musical
3022,Saludos Amigos (1943),Animation|Children's|Comedy
1212,"Slipper and the Rose, The (1976)",Adventure|Musical|Romance
1541,Things Change (1988),Comedy
896,Honeymoon in Vegas (1992),Comedy|Romance
1743,Dinosaur (2000),Animation|Children's
2629,Loser (2000),Comedy|Romance
1293,Road Trip (2000),Comedy
1294,Small Time Crooks (2000),Comedy
3112,"Hollywood Knights, The (1980)",Comedy
1400,"Myth of Fingerprints, The (1997)",Comedy|Drama
2388,"Twelve Chairs, The (1970)",Comedy
335,Mission: Impossible 2 (2000),Action|Thriller
250,Shanghai Noon (2000),Action
2023,Better Living Through Circuitry (1999),Documentary
2779,8 1/2 Women (1999),Comedy
2367,Carnival of Souls (1962),Horror|Thriller
1184,Flying Tigers (1942),Action|Drama|War
1277,"Gold Rush, The (1925)",Comedy
2827,Monsieur Verdoux (1947),Comedy
722,On Her Majesty's Secret Service (1969),Action
1546,Seven Days in May (1964),Thriller
723,"Spy Who Loved Me, The (1977)",Action
3087,Those Who Love Me Can Take the Train (Ceux qui m'aiment prendront le train) (1998),Drama
2656,Vagabond (Sans toit ni loi) (1985),Drama
764,Moonraker (1979),Action|Romance|Sci-Fi
725,"Man with the Golden Gun, The (1974)",Action
2660,"King in New York, A (1957)",Comedy|Drama
3283,"Woman of Paris, A (1923)",Drama
3407,In Old California (1942),Western
1185,"Fighting Seabees, The (1944)",Action|Drama|War
3237,Dark Command (1940),Western
3184,Cleo From 5 to 7 (Cléo de 5 à 7) (1962),Drama
1506,Big Momma's House (2000),Comedy
2925,Running Free (2000),Drama
3458,"Abominable Snowman, The (1957)",Horror|Sci-Fi
2196,American Gigolo (1980),Drama
3514,City of the Living Dead (Paura nella città dei morti viventi) (1980),Horror
2646,"Endless Summer, The (1966)",Documentary
1420,"Guns of Navarone, The (1961)",Action|Drama|War
2163,Blow-Out (La Grande Bouffe) (1973),Drama
3516,Lured (1947),Crime
3132,Pandora and the Flying Dutchman (1951),Drama
571,Quatermass and the Pit (1967),Sci-Fi
1823,Quatermass II (1957),Sci-Fi|Thriller
812,Puppet Master (1989),Horror|Sci-Fi|Thriller
813,Puppet Master II (1990),Horror|Sci-Fi|Thriller
2592,Puppet Master III: Toulon's Revenge (1991),Horror|Sci-Fi|Thriller
3349,Puppet Master 4 (1993),Horror|Sci-Fi|Thriller
3240,Puppet Master 5: The Final Chapter (1994),Horror|Sci-Fi|Thriller
3269,Curse of the Puppet Master (1998),Horror|Sci-Fi|Thriller
467,Romeo and Juliet (1968),Drama|Romance
3023,Stay Tuned (1992),Comedy
2921,"Story of G.I. Joe, The (1945)",War
132,Blazing Saddles (1974),Comedy|Western
1456,Benji (1974),Adventure|Children's
2119,Benji the Hunted (1987),Adventure|Children's
2527,For the Love of Benji (1977),Adventure|Children's
485,White Christmas (1954),Musical
1431,Eraserhead (1977),Drama|Horror
2517,Baraka (1992),Documentary
2003,"Man with the Golden Arm, The (1955)",Drama
1959,"Decline of Western Civilization, The (1981)",Documentary
2166,"Decline of Western Civilization Part II: The Metal Years, The (1988)",Documentary
1105,For a Few Dollars More (1965),Western
1037,Magnum Force (1973),Western
947,Blood Simple (1984),Drama|Film-Noir
1239,"Fabulous Baker Boys, The (1989)",Drama|Romance
874,Prizzi's Honor (1985),Comedy|Drama|Romance
922,Flatliners (1990),Thriller
2392,Porky's (1981),Comedy
2801,Porky's II: The Next Day (1983),Comedy
991,Porky's Revenge (1985),Comedy
2802,Private School (1983),Comedy
2657,Class of Nuke 'Em High (1986),Comedy|Horror
1439,"Toxic Avenger, The (1985)",Comedy|Horror
1461,"Toxic Avenger, Part II, The (1989)",Comedy|Horror
2957,"Toxic Avenger Part III: The Last Temptation of Toxie, The (1989)",Comedy|Horror
2498,Night of the Creeps (1986),Comedy|Horror|Sci-Fi
1162,Predator 2 (1990),Action|Sci-Fi|Thriller
818,"Running Man, The (1987)",Action|Adventure|Sci-Fi
244,Starman (1984),Adventure|Drama|Romance|Sci-Fi
648,"Brother from Another Planet, The (1984)",Drama|Sci-Fi
650,Alien Nation (1988),Crime|Drama|Sci-Fi
142,Mad Max (1979),Action|Sci-Fi
651,Mad Max 2 (a.k.a. The Road Warrior) (1981),Action|Sci-Fi
653,Mad Max Beyond Thunderdome (1985),Action|Sci-Fi
2118,Bird on a Wire (1990),Action|Adventure|Romance|Thriller
1545,Angel Heart (1987),Film-Noir|Mystery|Thriller
901,Nine 1/2 Weeks (1986),Drama
1409,Firestarter (1984),Horror|Thriller
2633,Sleepwalkers (1992),Horror
2743,Action Jackson (1988),Action|Comedy
2239,Sarafina! (1992),Drama
1143,Soapdish (1991),Comedy
656,"Long Walk Home, The (1990)",Drama
2888,Clara's Heart (1988),Drama
2184,Burglar (1987),Comedy
2915,Fatal Beauty (1987),Action|Crime
223,Gone in 60 Seconds (2000),Action|Crime
2026,American Pimp (1999),Documentary
1928,Love's Labour's Lost (2000),Comedy|Romance
2162,Sunshine (1999),Drama
3312,Trixie (1999),Comedy
452,Hamlet (1990),Drama
1738,Coming Home (1978),Drama|War
2597,American Pop (1981),Animation|Musical
962,Assault on Precinct 13 (1976),Action|Thriller
1151,Near Dark (1987),Comedy|Horror
1458,One False Move (1991),Thriller
1547,Shaft (1971),Action|Crime
945,"Conversation, The (1974)",Drama|Mystery
2858,Cutter's Way (1981),Drama|Thriller
2496,"Fury, The (1978)",Horror
2030,"Paper Chase, The (1973)",Drama
2823,Prince of the City (1981),Drama
1031,Serpico (1973),Crime|Drama
1739,"Big Carnival, The (1951)",Drama
2796,Lonely Are the Brave (1962),Drama|Western
2525,"Sugarland Express, The (1974)",Drama
2672,Trouble in Paradise (1932),Comedy|Romance
845,Big Trouble in Little China (1986),Action|Comedy
1287,Badlands (1973),Crime|Drama
1682,"Battleship Potemkin, The (Bronenosets Potyomkin) (1925)",Drama|War
2264,Boys and Girls (2000),Comedy|Romance
773,Shaft (2000),Action|Crime
669,Titan A.E. (2000),Adventure|Animation|Sci-Fi
2097,Butterfly (La Lengua de las Mariposas) (2000),Drama|War
1430,Jesus' Son (1999),Drama
3505,"Match, The (1999)",Comedy|Romance
2429,Time Regained (Le Temps Retrouvé) (1999),Drama
327,Chicken Run (2000),Animation|Children's|Comedy
777,"Me, Myself and Irene (2000)",Comedy
238,"Patriot, The (2000)",Action|Drama|War
2866,"Adventures of Rocky and Bullwinkle, The (2000)",Animation|Children's|Comedy
1189,"Perfect Storm, The (2000)",Action|Adventure|Thriller
3168,"Golden Bowl, The (2000)",Drama
3279,Asylum (1972),Horror
1204,Communion (1989),Drama|Sci-Fi|Thriller
2849,Fun and Fancy Free (1947),Animation|Children's|Musical
1912,"Kentucky Fried Movie, The (1977)",Comedy
2470,"Blood In, Blood Out (a.k.a. Bound by Honor) (1993)",Crime|Drama
1161,F/X (1986),Action|Crime|Thriller
1955,F/X 2 (1992),Action|Crime|Thriller
2783,"Hot Spot, The (1990)",Drama|Romance
1960,Missing in Action (1984),Action|War
3390,Missing in Action 2: The Beginning (1985),Action|War
2005,Braddock: Missing in Action III (1988),Action|War
2591,Thunderbolt and Lightfoot (1974),Action
849,Dreamscape (1984),Adventure|Crime|Sci-Fi|Thriller
2681,"Golden Voyage of Sinbad, The (1974)",Action|Adventure
2643,House Party (1990),Comedy
2745,House Party 2 (1991),Comedy
3027,Make Mine Music (1946),Animation|Children's|Musical
2917,Melody Time (1948),Animation|Children's|Musical
3415,Nekromantik (1987),Comedy|Horror
3480,On Our Merry Way (1948),Comedy|Drama
3053,Rocketship X-M (1950),Sci-Fi
2995,Shaft in Africa (1973),Action|Crime
3201,Shaft's Big Score! (1972),Action|Crime
1661,Croupier (1998),Crime|Drama
1874,"Kid, The (2000)",Comedy
1169,Scary Movie (2000),Comedy|Horror
852,But I'm a Cheerleader (1999),Comedy
996,Shower (Xizhao) (1999),Comedy
1112,Blowup (1966),Drama|Mystery
1507,"Pawnbroker, The (1965)",Drama
2684,Groove (2000),Drama
1913,Footloose (1984),Drama
3028,Duel in the Sun (1946),Western
313,X-Men (2000),Action|Sci-Fi
1459,Chuck & Buck (2000),Comedy|Drama
2757,"Five Senses, The (1999)",Drama
2267,"Wisdom of Crocodiles, The (a.k.a. Immortality) (2000)",Romance|Thriller
3043,"In Crowd, The (2000)",Thriller
585,What Lies Beneath (2000),Thriller
2918,Pokémon the Movie 2000 (2000),Animation|Children's
3000,Criminal Lovers (Les Amants Criminels) (1999),Drama|Romance
1962,Anatomy of a Murder (1959),Drama|Mystery
1202,Freejack (1992),Action|Sci-Fi
2902,Greaser's Palace (1972),Drama
3268,H.O.T.S. (1979),Comedy
2977,Knightriders (1981),Action|Adventure|Drama
1824,MacKenna's Gold (1969),Western
1203,Sinbad and the Eye of the Tiger (1977),Action|Adventure
1494,Two Women (La Ciociara) (1961),Drama|War
461,What About Bob? (1991),Comedy
3075,White Sands (1992),Drama|Thriller
1495,Breaker Morant (1980),Drama|War
476,Everything You Always Wanted to Know About Sex (1972),Comedy
1943,Interiors (1978),Drama
1237,Love and Death (1975),Comedy
1496,"Official Story, The (La Historia Oficial) (1985)",Drama
3204,"Other Side of Sunday, The (Søndagsengler) (1996)",Comedy|Drama
3419,Pot O' Gold (1941),Comedy|Musical
1906,Tampopo (1986),Comedy
3420,Thomas and the Magic Railroad (2000),Children's
1156,Nutty Professor II: The Klumps (2000),Comedy
2318,"Girl on the Bridge, The (La Fille sur le Pont) (1999)",Drama|Romance
2099,Wonderland (1999),Drama
1925,Autumn in New York (2000),Drama|Romance
1744,Coyote Ugly (2000),Drama
1692,Hollow Man (2000),Horror|Sci-Fi|Thriller
676,Space Cowboys (2000),Action|Sci-Fi
3453,Better Living (1998),Comedy
2908,Psycho Beach Party (2000),Comedy|Horror|Thriller
2058,Saving Grace (2000),Comedy
2691,"Black Sabbath (Tre Volti Della Paura, I) (1963)",Horror
3069,"Brain That Wouldn't Die, The (1962)",Horror|Sci-Fi
1970,Bronco Billy (1980),Adventure|Drama|Romance
2935,"Crush, The (1993)",Thriller
964,Kelly's Heroes (1970),Action|Comedy|War
2497,Phantasm II (1988),Horror
2537,Phantasm III: Lord of the Dead (1994),Horror
2538,Phantasm IV: Oblivion (1998),Horror
2499,Pumpkinhead (1988),Horror
1557,Air America (1990),Action|Comedy
2658,Sleepaway Camp (1983),Horror
1041,Steel Magnolias (1989),Drama
3161,And God Created Woman (Et Dieu&#8230;Créa la Femme) (1956),Drama
2006,Easy Money (1983),Comedy
3113,"Ilsa, She Wolf of the SS (1974)",Horror
2844,Silent Fall (1994),Drama|Thriller
1860,"Spiral Staircase, The (1946)",Thriller
3001,Whatever Happened to Aunt Alice? (1969),Crime|Thriller
2419,I'm the One That I Want (2000),Comedy
1110,"Tao of Steve, The (2000)",Comedy
1973,"Tic Code, The (1998)",Drama
2432,Aimée & Jaguar (1999),Drama|Romance
2570,"Affair of Love, An (Une Liaison Pornographique) (1999)",Drama|Romance
2420,Bless the Child (2000),Thriller
2034,Cecil B. Demented (2000),Comedy
1948,"Eyes of Tammy Faye, The (2000)",Documentary
2086,"Opportunists, The (1999)",Crime
1290,"Replacements, The (2000)",Comedy
2860,About Adam (2000),Comedy
748,"Cell, The (2000)",Sci-Fi|Thriller
1595,Godzilla 2000 (Gojira ni-sen mireniamu) (1999),Action|Adventure|Sci-Fi
2531,"Original Kings of Comedy, The (2000)",Comedy|Documentary
3378,Sunset Strip (2000),Comedy
2266,All the Rage (a.k.a. It's the Rage) (1999),Drama
787,"Naked Gun: From the Files of Police Squad!, The (1988)",Comedy
788,"Naked Gun 2 1/2: The Smell of Fear, The (1991)",Comedy
1726,Our Town (1940),Drama
1077,Shane (1953),Drama|Western
2133,"Suddenly, Last Summer (1959)",Drama
1451,Cat Ballou (1965),Comedy|Western
2066,"Couch in New York, A (1996)",Comedy|Romance
3002,"Devil Rides Out, The (1968)",Horror
2260,Supergirl (1984),Action|Adventure|Fantasy
3052,X: The Unknown (1956),Sci-Fi
632,"Art of War, The (2000)",Action
2961,"Ballad of Ramblin' Jack, The (2000)",Documentary
3383,Bittersweet Motel (2000),Documentary
1505,Bring It On (2000),Comedy
3176,Catfish in Black Bean Sauce (2000),Comedy|Drama
3155,"Crew, The (2000)",Comedy
3170,Love & Sex (2000),Comedy|Romance
2270,Steal This Movie! (2000),Drama
3355,Went to Coney Island on a Mission From God... Be Back by Five (1998),Drama
3185,Skipped Parts (2000),Drama|Romance
1596,Highlander: Endgame (2000),Action|Adventure|Fantasy
2720,Anatomy (Anatomie) (2000),Horror
1466,Nurse Betty (2000),Comedy|Thriller
2561,Solas (1999),Drama
1787,"Watcher, The (2000)",Crime|Thriller
1700,"Way of the Gun, The (2000)",Crime|Thriller
568,Almost Famous (2000),Comedy|Drama
2539,Bait (2000),Action|Comedy
2771,Crime and Punishment in Suburbia (2000),Comedy|Drama
2348,Duets (2000),Comedy|Drama
2320,Goya in Bordeaux (Goya en Bodeos) (1999),Drama
2032,Urbania (2000),Drama
3441,"Specials, The (2000)",Comedy
3218,Under Suspicion (2000),Crime
2063,Urban Legends: Final Cut (2000),Horror
3011,Woman on Top (2000),Comedy|Romance
1947,Dancer in the Dark (2000),Drama|Musical
1499,Best in Show (2000),Comedy
2711,Beautiful (2000),Comedy|Drama
2983,Barenaked in America (1999),Documentary
1693,"Broken Hearts Club, The (2000)",Drama
2325,Girlfight (2000),Drama
1304,Remember the Titans (2000),Drama
822,Hellraiser (1987),Horror
1442,Hellbound: Hellraiser II (1988),Horror
1837,Hellraiser III: Hell on Earth (1992),Horror
2760,"Faraway, So Close (In Weiter Ferne, So Nah!) (1993)",Drama|Fantasy
2111,Beach Party (1963),Comedy
2112,Bikini Beach (1964),Comedy
2500,Return of the Fly (1959),Horror|Sci-Fi
2113,Pajama Party (1964),Comedy
2103,Stranger Than Paradise (1984),Comedy
1449,Voyage to the Bottom of the Sea (1961),Adventure|Sci-Fi
687,Fantastic Voyage (1966),Adventure|Sci-Fi
537,Abbott and Costello Meet Frankenstein (1948),Comedy|Horror
1561,"Bank Dick, The (1940)",Comedy
1308,"Creature From the Black Lagoon, The (1954)",Horror
3139,"Giant Gila Monster, The (1959)",Horror|Sci-Fi
1309,"Invisible Man, The (1933)",Horror|Sci-Fi
2474,"Killer Shrews, The (1959)",Horror|Sci-Fi
1833,Kronos (1957),Sci-Fi
2650,Kronos (1973),Horror
1745,"Phantom of the Opera, The (1943)",Drama|Thriller
1884,Runaway (1984),Sci-Fi|Thriller
1778,"Slumber Party Massacre, The (1982)",Horror
1244,"Slumber Party Massacre II, The (1987)",Horror
3224,"Slumber Party Massacre III, The (1990)",Horror
3264,Sorority House Massacre (1986),Horror
3342,Sorority House Massacre II (1990),Horror
968,Bamboozled (2000),Comedy
3252,Bootmen (2000),Comedy|Drama
2700,Digimon: The Movie (2000),Adventure|Animation|Children's
1746,Get Carter (2000),Action|Drama|Thriller
2360,Get Carter (1971),Thriller
359,Meet the Parents (2000),Comedy
969,Requiem for a Dream (2000),Drama
2268,Tigerland (2000),Drama
2136,Two Family House (2000),Drama
829,"Contender, The (2000)",Drama|Thriller
